Municipio;Zona;Sessao;Local;Voto;InicioAguardando;TituloDigitado;InicioDigital;FimDigital;Habilitacao;Voto1;Voto2;Voto3;Voto4;Voto5;FimVotacao;SucessoDigital;TentativasDigital;TeclasIndevidas;TempoTotal;TempoVotacao;TempoOcioso;TempoHabilitacao;TempoVoto1;TempoVoto2;TempoVoto3;TempoVoto4;TempoVoto5;ClassTempoTotal;ClassTempoVotacao;ClassTempoOcioso;ClassTempoHabilitacao;ClassTempoVoto1;ClassTempoVoto2;ClassTempoVoto3;ClassTempoVoto4;ClassTempoVoto5;
56332;40;9;1023;1;2022-10-02 08:00:02;2022-10-02 08:01:43;0001-01-01 00:00:00;0001-01-01 00:00:00;2022-10-02 08:01:48;2022-10-02 08:02:08;2022-10-02 08:02:20;2022-10-02 08:02:30;2022-10-02 08:02:38;2022-10-02 08:02:44;2022-10-02 08:02:45;False;0;0;163;57;106;5;20;12;10;8;6;MA;MB;MA;MA;MB;MB;MB;MB;MB;
56332;40;9;1023;2;2022-10-02 08:02:47;2022-10-02 08:04:28;0001-01-01 00:00:00;0001-01-01 00:00:00;2022-10-02 08:04:31;2022-10-02 08:04:49;2022-10-02 08:04:58;2022-10-02 08:05:05;2022-10-02 08:05:12;2022-10-02 08:05:21;2022-10-02 08:05:23;False;0;1;156;52;104;3;18;9;7;7;9;MA;MB;MA;MB;MB;MB;MB;MB;MB;
56332;40;9;1023;3;2022-10-02 08:05:24;2022-10-02 08:06:45;0001-01-01 00:00:00;0001-01-01 00:00:00;2022-10-02 08:06:54;2022-10-02 08:07:18;2022-10-02 08:07:29;2022-10-02 08:07:39;2022-10-02 08:07:47;2022-10-02 08:08:00;2022-10-02 08:08:02;False;0;0;158;68;90;9;24;11;10;8;13;MA;MB;MA;A1;MB;MB;MB;MB;MA;
56332;40;9;1023;4;2022-10-02 08:08:03;2022-10-02 08:08:52;0001-01-01 00:00:00;0001-01-01 00:00:00;2022-10-02 08:09:36;2022-10-02 08:10:05;2022-10-02 08:10:19;2022-10-02 08:10:47;2022-10-02 08:10:55;2022-10-02 08:11:21;2022-10-02 08:11:23;False;0;5;200;107;93;44;29;14;28;8;26;MA;MA;MA;A2;MA;MB;A1;MB;A1;
56332;40;9;1023;5;2022-10-02 08:11:24;2022-10-02 08:12:38;0001-01-01 00:00:00;0001-01-01 00:00:00;2022-10-02 08:12:45;2022-10-02 08:13:39;2022-10-02 08:14:00;2022-10-02 08:14:06;2022-10-02 08:14:14;2022-10-02 08:14:23;2022-10-02 08:14:25;False;0;7;181;100;81;7;54;21;6;8;9;MA;MA;MA;MA;A1;MA;MB;MB;MB;
56332;40;9;1023;6;2022-10-02 08:14:26;2022-10-02 08:14:51;0001-01-01 00:00:00;0001-01-01 00:00:00;2022-10-02 08:14:57;2022-10-02 08:15:11;2022-10-02 08:15:24;2022-10-02 08:15:32;2022-10-02 08:15:38;2022-10-02 08:15:49;2022-10-02 08:15:50;False;0;0;84;53;31;6;14;13;8;6;11;MB;MB;MB;MA;MB;MB;MB;MB;MA;
56332;40;9;1023;7;2022-10-02 08:15:52;2022-10-02 08:16:11;0001-01-01 00:00:00;0001-01-01 00:00:00;2022-10-02 08:16:20;2022-10-02 08:16:59;2022-10-02 08:17:22;2022-10-02 08:17:40;2022-10-02 08:17:52;2022-10-02 08:18:05;2022-10-02 08:18:07;False;0;0;135;107;28;9;39;23;18;12;13;MA;MA;MB;A1;MA;MA;MA;MA;MA;
56332;40;9;1023;8;2022-10-02 08:18:08;2022-10-02 08:22:37;0001-01-01 00:00:00;0001-01-01 00:00:00;2022-10-02 08:22:39;2022-10-02 08:22:54;2022-10-02 08:23:03;2022-10-02 08:23:11;2022-10-02 08:23:18;2022-10-02 08:23:25;2022-10-02 08:23:26;False;0;0;318;47;271;2;15;9;8;7;7;A2;MB;A2;MB;MB;MB;MB;MB;MB;
56332;40;9;1023;9;2022-10-02 08:23:28;2022-10-02 08:23:51;0001-01-01 00:00:00;0001-01-01 00:00:00;2022-10-02 08:23:56;2022-10-02 08:24:10;2022-10-02 08:24:17;2022-10-02 08:24:24;2022-10-02 08:24:28;2022-10-02 08:24:33;2022-10-02 08:24:35;False;0;1;67;39;28;5;14;7;7;4;5;MB;B1;MB;MA;MB;B1;MB;B1;MB;
56332;40;9;1023;10;2022-10-02 08:24:36;2022-10-02 08:25:06;0001-01-01 00:00:00;0001-01-01 00:00:00;2022-10-02 08:25:21;2022-10-02 08:25:38;2022-10-02 08:25:49;2022-10-02 08:25:55;2022-10-02 08:26:01;2022-10-02 08:26:06;2022-10-02 08:26:08;False;0;0;92;47;45;15;17;11;6;6;5;MB;MB;MB;A2;MB;MB;MB;MB;MB;
56332;40;9;1023;11;2022-10-02 08:26:10;2022-10-02 08:26:48;0001-01-01 00:00:00;0001-01-01 00:00:00;2022-10-02 08:27:06;2022-10-02 08:27:37;2022-10-02 08:28:39;2022-10-02 08:28:44;2022-10-02 08:28:51;2022-10-02 08:28:57;2022-10-02 08:28:58;False;0;3;168;112;56;18;31;62;5;7;6;MA;A1;MA;A2;MA;A2;B1;MB;MB;
56332;40;9;1023;12;2022-10-02 08:29:00;2022-10-02 08:29:20;0001-01-01 00:00:00;0001-01-01 00:00:00;2022-10-02 08:29:23;2022-10-02 08:30:40;2022-10-02 08:31:03;2022-10-02 08:31:48;2022-10-02 08:31:56;2022-10-02 08:32:01;2022-10-02 08:32:03;False;0;11;183;160;23;3;77;23;45;8;5;MA;A2;MB;MB;A2;MA;A2;MB;MB;
56332;40;9;1023;13;2022-10-02 08:32:04;2022-10-02 08:32:31;0001-01-01 00:00:00;0001-01-01 00:00:00;2022-10-02 08:32:34;2022-10-02 08:32:41;2022-10-02 08:32:49;2022-10-02 08:32:59;2022-10-02 08:33:07;2022-10-02 08:33:13;2022-10-02 08:33:15;False;0;1;71;41;30;3;7;8;10;8;6;MB;B1;MB;MB;B1;MB;MB;MB;MB;
56332;40;9;1023;14;2022-10-02 08:33:16;2022-10-02 08:36:35;0001-01-01 00:00:00;0001-01-01 00:00:00;2022-10-02 08:36:40;2022-10-02 08:37:16;2022-10-02 08:38:16;2022-10-02 08:38:40;2022-10-02 08:39:01;2022-10-02 08:39:16;2022-10-02 08:39:17;False;0;0;361;157;204;5;36;60;24;21;15;A2;A2;A2;MA;MA;A2;A1;A2;MA;
56332;40;9;1023;15;2022-10-02 08:39:20;2022-10-02 08:39:42;0001-01-01 00:00:00;0001-01-01 00:00:00;2022-10-02 08:39:44;2022-10-02 08:40:00;2022-10-02 08:40:21;2022-10-02 08:40:35;2022-10-02 08:40:47;2022-10-02 08:40:53;2022-10-02 08:40:54;False;0;0;94;70;24;2;16;21;14;12;6;MB;MB;MB;MB;MB;MA;MA;MA;MB;
56332;40;9;1023;16;2022-10-02 08:40:56;2022-10-02 08:41:11;0001-01-01 00:00:00;0001-01-01 00:00:00;2022-10-02 08:41:13;2022-10-02 08:41:35;2022-10-02 08:41:44;2022-10-02 08:41:52;2022-10-02 08:42:00;2022-10-02 08:42:06;2022-10-02 08:42:07;False;0;1;71;54;17;2;22;9;8;8;6;MB;MB;MB;MB;MB;MB;MB;MB;MB;
56332;40;9;1023;17;2022-10-02 08:42:10;2022-10-02 08:42:23;0001-01-01 00:00:00;0001-01-01 00:00:00;2022-10-02 08:42:25;2022-10-02 08:42:43;2022-10-02 08:42:53;2022-10-02 08:43:00;2022-10-02 08:43:11;2022-10-02 08:43:17;2022-10-02 08:43:19;False;0;3;69;54;15;2;18;10;7;11;6;MB;MB;MB;MB;MB;MB;MB;MA;MB;
56332;40;9;1023;18;2022-10-02 08:43:20;2022-10-02 08:43:35;0001-01-01 00:00:00;0001-01-01 00:00:00;2022-10-02 08:43:39;2022-10-02 08:44:10;2022-10-02 08:44:36;2022-10-02 08:44:47;2022-10-02 08:44:57;2022-10-02 08:45:07;2022-10-02 08:45:09;False;0;0;109;90;19;4;31;26;11;10;10;MB;MA;MB;MB;MA;MA;MB;MA;MB;
56332;40;9;1023;19;2022-10-02 08:45:10;2022-10-02 08:45:26;0001-01-01 00:00:00;0001-01-01 00:00:00;2022-10-02 08:45:29;2022-10-02 08:46:05;2022-10-02 08:46:25;2022-10-02 08:46:33;2022-10-02 08:46:44;2022-10-02 08:46:52;2022-10-02 08:46:54;False;0;0;104;85;19;3;36;20;8;11;8;MB;MA;MB;MB;MA;MA;MB;MA;MB;
56332;40;9;1023;20;2022-10-02 08:46:55;2022-10-02 08:47:12;0001-01-01 00:00:00;0001-01-01 00:00:00;2022-10-02 08:47:13;2022-10-02 08:48:05;2022-10-02 08:48:31;2022-10-02 08:48:48;2022-10-02 08:49:00;2022-10-02 08:49:13;2022-10-02 08:49:15;False;0;0;140;122;18;1;52;26;17;12;13;MA;A1;MB;MB;A1;MA;MA;MA;MA;
56332;40;9;1023;21;2022-10-02 08:49:17;2022-10-02 08:49:40;0001-01-01 00:00:00;0001-01-01 00:00:00;2022-10-02 08:49:43;2022-10-02 08:49:52;2022-10-02 08:49:56;2022-10-02 08:50:07;2022-10-02 08:50:12;2022-10-02 08:50:19;2022-10-02 08:50:20;False;0;0;63;37;26;3;9;4;11;5;7;B1;B1;MB;MB;B1;B1;MB;MB;MB;
56332;40;9;1023;22;2022-10-02 08:50:22;2022-10-02 08:50:36;0001-01-01 00:00:00;0001-01-01 00:00:00;2022-10-02 08:50:38;2022-10-02 08:50:48;2022-10-02 08:50:51;2022-10-02 08:50:59;2022-10-02 08:51:19;2022-10-02 08:51:24;2022-10-02 08:51:26;False;0;1;64;48;16;2;10;3;8;20;5;MB;MB;MB;MB;MB;B1;MB;A1;MB;
56332;40;9;1023;23;2022-10-02 08:51:27;2022-10-02 08:51:46;0001-01-01 00:00:00;0001-01-01 00:00:00;2022-10-02 08:51:51;2022-10-02 08:52:09;2022-10-02 08:52:22;2022-10-02 08:52:30;2022-10-02 08:52:37;2022-10-02 08:52:42;2022-10-02 08:52:44;False;0;2;77;53;24;5;18;13;8;7;5;MB;MB;MB;MA;MB;MB;MB;MB;MB;
56332;40;9;1023;24;2022-10-02 08:52:46;2022-10-02 08:53:09;0001-01-01 00:00:00;0001-01-01 00:00:00;2022-10-02 08:53:46;2022-10-02 08:54:20;2022-10-02 08:54:32;2022-10-02 08:55:29;2022-10-02 08:55:52;2022-10-02 08:55:57;2022-10-02 08:55:59;False;0;11;193;133;60;37;34;12;57;23;5;MA;A1;MA;A2;MA;MB;A2;A2;MB;
56332;40;9;1023;25;2022-10-02 08:56:01;2022-10-02 08:56:17;0001-01-01 00:00:00;0001-01-01 00:00:00;2022-10-02 08:56:18;2022-10-02 08:56:37;2022-10-02 08:56:47;2022-10-02 08:56:55;2022-10-02 08:57:01;2022-10-02 08:57:06;2022-10-02 08:57:08;False;0;0;67;50;17;1;19;10;8;6;5;MB;MB;MB;MB;MB;MB;MB;MB;MB;
56332;40;9;1023;26;2022-10-02 08:57:09;2022-10-02 08:57:31;0001-01-01 00:00:00;0001-01-01 00:00:00;2022-10-02 08:57:33;2022-10-02 08:57:41;2022-10-02 08:57:46;2022-10-02 08:57:49;2022-10-02 08:57:54;2022-10-02 08:57:58;2022-10-02 08:58:00;False;0;0;51;27;24;2;8;5;3;5;4;B1;B1;MB;MB;B1;B1;B1;MB;MB;
56332;40;9;1023;27;2022-10-02 08:58:02;2022-10-02 08:58:33;0001-01-01 00:00:00;0001-01-01 00:00:00;2022-10-02 08:58:37;2022-10-02 08:59:04;2022-10-02 08:59:25;2022-10-02 08:59:50;2022-10-02 09:00:09;2022-10-02 09:01:13;2022-10-02 09:01:14;False;0;14;192;157;35;4;27;21;25;19;64;MA;A2;MB;MB;MA;MA;A1;A1;A2;
56332;40;9;1023;28;2022-10-02 09:01:16;2022-10-02 09:01:54;0001-01-01 00:00:00;0001-01-01 00:00:00;2022-10-02 09:01:57;2022-10-02 09:02:07;2022-10-02 09:02:15;2022-10-02 09:02:20;2022-10-02 09:02:27;2022-10-02 09:02:34;2022-10-02 09:02:36;False;0;2;80;39;41;3;10;8;5;7;7;MB;B1;MB;MB;MB;MB;B1;MB;MB;
56332;40;9;1023;29;2022-10-02 09:02:37;2022-10-02 09:03:05;0001-01-01 00:00:00;0001-01-01 00:00:00;2022-10-02 09:03:07;2022-10-02 09:03:17;2022-10-02 09:03:23;2022-10-02 09:03:33;2022-10-02 09:03:38;2022-10-02 09:03:44;2022-10-02 09:03:46;False;0;2;69;39;30;2;10;6;10;5;6;MB;B1;MB;MB;MB;B1;MB;MB;MB;
56332;40;9;1023;30;2022-10-02 09:03:47;2022-10-02 09:04:00;0001-01-01 00:00:00;0001-01-01 00:00:00;2022-10-02 09:04:05;2022-10-02 09:04:17;2022-10-02 09:04:27;2022-10-02 09:04:33;2022-10-02 09:04:37;2022-10-02 09:04:41;2022-10-02 09:04:43;False;0;3;56;38;18;5;12;10;6;4;4;B1;B1;MB;MA;MB;MB;MB;B1;MB;
56332;40;9;1023;31;2022-10-02 09:04:45;2022-10-02 09:05:14;0001-01-01 00:00:00;0001-01-01 00:00:00;2022-10-02 09:05:26;2022-10-02 09:06:03;2022-10-02 09:06:32;2022-10-02 09:08:16;2022-10-02 09:09:25;2022-10-02 09:09:44;2022-10-02 09:09:46;False;0;11;301;260;41;12;37;29;104;69;19;A2;A2;MB;A1;MA;A1;A2;A2;MA;
56332;40;9;1023;32;2022-10-02 09:09:48;2022-10-02 09:10:08;0001-01-01 00:00:00;0001-01-01 00:00:00;2022-10-02 09:10:10;2022-10-02 09:10:26;2022-10-02 09:10:37;2022-10-02 09:10:44;2022-10-02 09:10:51;2022-10-02 09:10:58;2022-10-02 09:10:59;False;0;1;71;49;22;2;16;11;7;7;7;MB;MB;MB;MB;MB;MB;MB;MB;MB;
56332;40;9;1023;33;2022-10-02 09:11:01;2022-10-02 09:11:16;0001-01-01 00:00:00;0001-01-01 00:00:00;2022-10-02 09:11:17;2022-10-02 09:11:40;2022-10-02 09:12:00;2022-10-02 09:12:06;2022-10-02 09:12:11;2022-10-02 09:12:36;2022-10-02 09:12:38;False;0;0;97;81;16;1;23;20;6;5;25;MB;MA;MB;MB;MB;MA;MB;MB;A1;
56332;40;9;1023;34;2022-10-02 09:12:40;2022-10-02 09:13:17;0001-01-01 00:00:00;0001-01-01 00:00:00;2022-10-02 09:13:18;2022-10-02 09:13:31;2022-10-02 09:13:41;2022-10-02 09:13:52;2022-10-02 09:13:59;2022-10-02 09:14:04;2022-10-02 09:14:06;False;0;1;86;48;38;1;13;10;11;7;5;MB;MB;MB;MB;MB;MB;MB;MB;MB;
56332;40;9;1023;35;2022-10-02 09:14:08;2022-10-02 09:14:23;0001-01-01 00:00:00;0001-01-01 00:00:00;2022-10-02 09:14:24;2022-10-02 09:14:40;2022-10-02 09:14:46;2022-10-02 09:14:54;2022-10-02 09:15:12;2022-10-02 09:15:21;2022-10-02 09:15:23;False;0;7;75;59;16;1;16;6;8;18;9;MB;MB;MB;MB;MB;B1;MB;A1;MB;
56332;40;9;1023;36;2022-10-02 09:15:24;2022-10-02 09:15:42;0001-01-01 00:00:00;0001-01-01 00:00:00;2022-10-02 09:15:44;2022-10-02 09:15:54;2022-10-02 09:16:01;2022-10-02 09:16:06;2022-10-02 09:16:13;2022-10-02 09:16:16;2022-10-02 09:16:17;False;0;0;53;33;20;2;10;7;5;7;3;B1;B1;MB;MB;MB;B1;B1;MB;MB;
56332;40;9;1023;37;2022-10-02 09:16:19;2022-10-02 09:16:36;0001-01-01 00:00:00;0001-01-01 00:00:00;2022-10-02 09:16:37;2022-10-02 09:16:48;2022-10-02 09:16:54;2022-10-02 09:17:02;2022-10-02 09:17:08;2022-10-02 09:17:14;2022-10-02 09:17:16;False;0;4;57;39;18;1;11;6;8;6;6;B1;B1;MB;MB;MB;B1;MB;MB;MB;
56332;40;9;1023;38;2022-10-02 09:17:17;2022-10-02 09:17:34;0001-01-01 00:00:00;0001-01-01 00:00:00;2022-10-02 09:17:35;2022-10-02 09:17:49;2022-10-02 09:17:55;2022-10-02 09:18:00;2022-10-02 09:18:04;2022-10-02 09:18:08;2022-10-02 09:18:10;False;0;2;53;35;18;1;14;6;5;4;4;B1;B1;MB;MB;MB;B1;B1;B1;MB;
56332;40;9;1023;39;2022-10-02 09:18:11;2022-10-02 09:18:26;0001-01-01 00:00:00;0001-01-01 00:00:00;2022-10-02 09:18:27;2022-10-02 09:18:41;2022-10-02 09:18:49;2022-10-02 09:18:59;2022-10-02 09:19:04;2022-10-02 09:19:12;2022-10-02 09:19:14;False;0;0;63;47;16;1;14;8;10;5;8;B1;MB;MB;MB;MB;MB;MB;MB;MB;
56332;40;9;1023;40;2022-10-02 09:19:15;2022-10-02 09:19:29;0001-01-01 00:00:00;0001-01-01 00:00:00;2022-10-02 09:19:31;2022-10-02 09:19:49;2022-10-02 09:19:59;2022-10-02 09:20:08;2022-10-02 09:20:15;2022-10-02 09:20:18;2022-10-02 09:20:20;False;0;0;65;49;16;2;18;10;9;7;3;MB;MB;MB;MB;MB;MB;MB;MB;MB;
56332;40;9;1023;41;2022-10-02 09:20:22;2022-10-02 09:21:13;0001-01-01 00:00:00;0001-01-01 00:00:00;2022-10-02 09:21:14;2022-10-02 09:21:52;2022-10-02 09:22:10;2022-10-02 09:22:37;2022-10-02 09:23:04;2022-10-02 09:23:19;2022-10-02 09:23:21;False;0;9;179;127;52;1;38;18;27;27;15;MA;A1;MB;MB;MA;MA;A1;A2;MA;
56332;40;9;1023;42;2022-10-02 09:23:22;2022-10-02 09:25:14;0001-01-01 00:00:00;0001-01-01 00:00:00;2022-10-02 09:25:16;2022-10-02 09:25:26;2022-10-02 09:25:35;2022-10-02 09:25:44;2022-10-02 09:25:54;2022-10-02 09:26:03;2022-10-02 09:26:04;False;0;4;162;48;114;2;10;9;9;10;9;MA;MB;A1;MB;MB;MB;MB;MA;MB;
56332;40;9;1023;43;2022-10-02 09:26:06;2022-10-02 09:26:19;0001-01-01 00:00:00;0001-01-01 00:00:00;2022-10-02 09:26:20;2022-10-02 09:26:33;2022-10-02 09:26:42;2022-10-02 09:26:48;2022-10-02 09:26:53;2022-10-02 09:26:58;2022-10-02 09:26:59;False;0;0;53;39;14;1;13;9;6;5;5;B1;B1;MB;MB;MB;MB;MB;MB;MB;
56332;40;9;1023;44;2022-10-02 09:27:01;2022-10-02 09:28:11;0001-01-01 00:00:00;0001-01-01 00:00:00;2022-10-02 09:28:12;2022-10-02 09:28:32;2022-10-02 09:28:54;2022-10-02 09:29:21;2022-10-02 09:29:28;2022-10-02 09:29:36;2022-10-02 09:29:38;False;0;1;157;86;71;1;20;22;27;7;8;MA;MA;MA;MB;MB;MA;A1;MB;MB;
56332;40;9;1023;45;2022-10-02 09:29:39;2022-10-02 09:29:53;0001-01-01 00:00:00;0001-01-01 00:00:00;2022-10-02 09:29:55;2022-10-02 09:30:10;2022-10-02 09:30:22;2022-10-02 09:30:35;2022-10-02 09:30:40;2022-10-02 09:30:45;2022-10-02 09:30:47;False;0;1;68;52;16;2;15;12;13;5;5;MB;MB;MB;MB;MB;MB;MB;MB;MB;
56332;40;9;1023;46;2022-10-02 09:30:49;2022-10-02 09:31:02;0001-01-01 00:00:00;0001-01-01 00:00:00;2022-10-02 09:31:03;2022-10-02 09:31:25;2022-10-02 09:31:43;2022-10-02 09:31:54;2022-10-02 09:32:01;2022-10-02 09:32:10;2022-10-02 09:32:12;False;0;0;83;69;14;1;22;18;11;7;9;MB;MB;MB;MB;MB;MA;MB;MB;MB;
56332;40;9;1023;47;2022-10-02 09:32:14;2022-10-02 09:32:26;0001-01-01 00:00:00;0001-01-01 00:00:00;2022-10-02 09:32:27;2022-10-02 09:32:44;2022-10-02 09:32:51;2022-10-02 09:32:57;2022-10-02 09:33:03;2022-10-02 09:33:08;2022-10-02 09:33:10;False;0;0;56;43;13;1;17;7;6;6;5;B1;B1;MB;MB;MB;B1;MB;MB;MB;
56332;40;9;1023;48;2022-10-02 09:33:11;2022-10-02 09:33:25;0001-01-01 00:00:00;0001-01-01 00:00:00;2022-10-02 09:33:26;2022-10-02 09:33:43;2022-10-02 09:33:53;2022-10-02 09:34:00;2022-10-02 09:34:07;2022-10-02 09:34:12;2022-10-02 09:34:14;False;0;0;63;48;15;1;17;10;7;7;5;B1;MB;MB;MB;MB;MB;MB;MB;MB;
56332;40;9;1023;49;2022-10-02 09:34:15;2022-10-02 09:34:29;0001-01-01 00:00:00;0001-01-01 00:00:00;2022-10-02 09:34:31;2022-10-02 09:40:17;2022-10-02 09:40:32;2022-10-02 09:40:49;2022-10-02 09:41:01;2022-10-02 09:41:08;2022-10-02 09:41:09;False;0;23;414;398;16;2;346;15;17;12;7;A2;A2;MB;MB;A2;MB;MA;MA;MB;
56332;40;9;1023;50;2022-10-02 09:41:11;2022-10-02 09:41:35;0001-01-01 00:00:00;0001-01-01 00:00:00;2022-10-02 09:41:36;2022-10-02 09:41:54;2022-10-02 09:42:12;2022-10-02 09:42:41;2022-10-02 09:42:48;2022-10-02 09:43:02;2022-10-02 09:43:03;False;0;7;112;87;25;1;18;18;29;7;14;MB;MA;MB;MB;MB;MA;A2;MB;MA;
56332;40;9;1023;51;2022-10-02 09:43:05;2022-10-02 09:43:22;0001-01-01 00:00:00;0001-01-01 00:00:00;2022-10-02 09:43:23;2022-10-02 09:43:50;2022-10-02 09:44:15;2022-10-02 09:44:31;2022-10-02 09:44:55;2022-10-02 09:45:14;2022-10-02 09:45:16;False;0;7;131;113;18;1;27;25;16;24;19;MB;A1;MB;MB;MA;MA;MA;A2;MA;
56332;40;9;1023;52;2022-10-02 09:45:17;2022-10-02 09:45:31;0001-01-01 00:00:00;0001-01-01 00:00:00;2022-10-02 09:45:31;2022-10-02 09:45:50;2022-10-02 09:46:04;2022-10-02 09:46:13;2022-10-02 09:46:19;2022-10-02 09:46:23;2022-10-02 09:46:25;False;0;0;68;54;14;0;19;14;9;6;4;MB;MB;MB;MB;MB;MB;MB;MB;MB;
56332;40;9;1023;53;2022-10-02 09:46:27;2022-10-02 09:47:02;0001-01-01 00:00:00;0001-01-01 00:00:00;2022-10-02 09:47:03;2022-10-02 09:47:20;2022-10-02 09:47:37;2022-10-02 09:47:47;2022-10-02 09:47:54;2022-10-02 09:48:02;2022-10-02 09:48:04;False;0;0;97;61;36;1;17;17;10;7;8;MB;MB;MB;MB;MB;MB;MB;MB;MB;
56332;40;9;1023;54;2022-10-02 09:48:06;2022-10-02 09:48:20;0001-01-01 00:00:00;0001-01-01 00:00:00;2022-10-02 09:48:21;2022-10-02 09:48:52;2022-10-02 09:48:59;2022-10-02 09:49:09;2022-10-02 09:49:13;2022-10-02 09:49:17;2022-10-02 09:49:19;False;0;0;73;58;15;1;31;7;10;4;4;MB;MB;MB;MB;MA;B1;MB;B1;MB;
56332;40;9;1023;55;2022-10-02 09:49:21;2022-10-02 09:49:29;0001-01-01 00:00:00;0001-01-01 00:00:00;2022-10-02 09:49:31;2022-10-02 09:49:47;2022-10-02 09:50:03;2022-10-02 09:50:20;2022-10-02 09:50:30;2022-10-02 09:50:35;2022-10-02 09:50:37;False;0;2;76;66;10;2;16;16;17;10;5;MB;MB;MB;MB;MB;MB;MA;MA;MB;
56332;40;9;1023;56;2022-10-02 09:50:39;2022-10-02 09:50:54;0001-01-01 00:00:00;0001-01-01 00:00:00;2022-10-02 09:50:55;2022-10-02 09:51:35;2022-10-02 09:51:54;2022-10-02 09:52:08;2022-10-02 09:52:30;2022-10-02 09:52:39;2022-10-02 09:52:40;False;0;0;121;105;16;1;40;19;14;22;9;MB;MA;MB;MB;MA;MA;MA;A2;MB;
56332;40;9;1023;57;2022-10-02 09:52:42;2022-10-02 09:53:01;0001-01-01 00:00:00;0001-01-01 00:00:00;2022-10-02 09:53:02;2022-10-02 09:53:43;2022-10-02 09:54:03;2022-10-02 09:54:14;2022-10-02 09:54:28;2022-10-02 09:54:36;2022-10-02 09:54:37;False;0;2;115;95;20;1;41;20;11;14;8;MB;MA;MB;MB;A1;MA;MB;MA;MB;
56332;40;9;1023;58;2022-10-02 09:54:39;2022-10-02 09:54:52;0001-01-01 00:00:00;0001-01-01 00:00:00;2022-10-02 09:54:53;2022-10-02 09:55:10;2022-10-02 09:55:24;2022-10-02 09:55:32;2022-10-02 09:55:51;2022-10-02 09:56:06;2022-10-02 09:56:07;False;0;7;88;74;14;1;17;14;8;19;15;MB;MB;MB;MB;MB;MB;MB;A1;MA;
56332;40;9;1023;59;2022-10-02 09:56:09;2022-10-02 09:56:42;0001-01-01 00:00:00;0001-01-01 00:00:00;2022-10-02 09:56:42;2022-10-02 09:56:55;2022-10-02 09:57:04;2022-10-02 09:57:12;2022-10-02 09:57:19;2022-10-02 09:57:25;2022-10-02 09:57:26;False;0;0;77;44;33;0;13;9;8;7;6;MB;B1;MB;MB;MB;MB;MB;MB;MB;
56332;40;9;1023;60;2022-10-02 09:57:28;2022-10-02 09:57:45;0001-01-01 00:00:00;0001-01-01 00:00:00;2022-10-02 09:57:46;2022-10-02 09:58:05;2022-10-02 09:58:17;2022-10-02 09:58:25;2022-10-02 09:58:32;2022-10-02 09:58:37;2022-10-02 09:58:39;False;0;7;71;53;18;1;19;12;8;7;5;MB;MB;MB;MB;MB;MB;MB;MB;MB;
56332;40;9;1023;61;2022-10-02 09:58:40;2022-10-02 09:59:10;0001-01-01 00:00:00;0001-01-01 00:00:00;2022-10-02 09:59:11;2022-10-02 09:59:27;2022-10-02 09:59:41;2022-10-02 09:59:58;2022-10-02 10:00:07;2022-10-02 10:00:26;2022-10-02 10:00:28;False;0;2;108;77;31;1;16;14;17;9;19;MB;MA;MB;MB;MB;MB;MA;MB;MA;
56332;40;9;1023;62;2022-10-02 10:00:29;2022-10-02 10:00:41;0001-01-01 00:00:00;0001-01-01 00:00:00;2022-10-02 10:00:41;2022-10-02 10:01:59;2022-10-02 10:03:06;2022-10-02 10:03:26;2022-10-02 10:03:38;2022-10-02 10:03:55;2022-10-02 10:03:56;False;0;17;207;195;12;0;78;67;20;12;17;A1;A2;MB;MB;A2;A2;MA;MA;MA;
56332;40;9;1023;63;2022-10-02 10:03:58;2022-10-02 10:04:14;0001-01-01 00:00:00;0001-01-01 00:00:00;2022-10-02 10:04:15;2022-10-02 10:04:31;2022-10-02 10:06:09;2022-10-02 10:06:17;2022-10-02 10:06:23;2022-10-02 10:06:30;2022-10-02 10:06:32;False;0;0;154;137;17;1;16;98;8;6;7;MA;A1;MB;MB;MB;A2;MB;MB;MB;
56332;40;9;1023;64;2022-10-02 10:06:34;2022-10-02 10:06:49;0001-01-01 00:00:00;0001-01-01 00:00:00;2022-10-02 10:06:50;2022-10-02 10:07:10;2022-10-02 10:07:22;2022-10-02 10:07:28;2022-10-02 10:07:35;2022-10-02 10:07:43;2022-10-02 10:07:45;False;0;0;71;55;16;1;20;12;6;7;8;MB;MB;MB;MB;MB;MB;MB;MB;MB;
56332;40;9;1023;65;2022-10-02 10:07:47;2022-10-02 10:07:59;0001-01-01 00:00:00;0001-01-01 00:00:00;2022-10-02 10:08:03;2022-10-02 10:08:45;2022-10-02 10:09:18;2022-10-02 10:09:30;2022-10-02 10:09:40;2022-10-02 10:10:07;2022-10-02 10:10:09;False;0;0;142;126;16;4;42;33;12;10;27;MA;A1;MB;MB;A1;A1;MB;MA;A1;
56332;40;9;1023;66;2022-10-02 10:10:10;2022-10-02 10:10:26;0001-01-01 00:00:00;0001-01-01 00:00:00;2022-10-02 10:10:27;2022-10-02 10:10:36;2022-10-02 10:10:46;2022-10-02 10:10:54;2022-10-02 10:10:58;2022-10-02 10:11:02;2022-10-02 10:11:04;False;0;0;54;37;17;1;9;10;8;4;4;B1;B1;MB;MB;B1;MB;MB;B1;MB;
56332;40;9;1023;67;2022-10-02 10:11:05;2022-10-02 10:11:23;0001-01-01 00:00:00;0001-01-01 00:00:00;2022-10-02 10:11:24;2022-10-02 10:11:34;2022-10-02 10:11:37;2022-10-02 10:11:43;2022-10-02 10:11:47;2022-10-02 10:11:50;2022-10-02 10:11:52;False;0;1;47;28;19;1;10;3;6;4;3;B1;B1;MB;MB;MB;B1;MB;B1;MB;
56332;40;9;1023;68;2022-10-02 10:11:53;2022-10-02 10:12:19;0001-01-01 00:00:00;0001-01-01 00:00:00;2022-10-02 10:12:21;2022-10-02 10:12:41;2022-10-02 10:12:51;2022-10-02 10:12:58;2022-10-02 10:13:04;2022-10-02 10:13:10;2022-10-02 10:13:12;False;0;0;79;51;28;2;20;10;7;6;6;MB;MB;MB;MB;MB;MB;MB;MB;MB;
56332;40;9;1023;69;2022-10-02 10:13:14;2022-10-02 10:13:27;0001-01-01 00:00:00;0001-01-01 00:00:00;2022-10-02 10:13:28;2022-10-02 10:13:37;2022-10-02 10:13:46;2022-10-02 10:13:54;2022-10-02 10:13:58;2022-10-02 10:14:02;2022-10-02 10:14:03;False;0;1;49;35;14;1;9;9;8;4;4;B1;B1;MB;MB;B1;MB;MB;B1;MB;
56332;40;9;1023;70;2022-10-02 10:14:05;2022-10-02 10:14:20;0001-01-01 00:00:00;0001-01-01 00:00:00;2022-10-02 10:14:21;2022-10-02 10:14:40;2022-10-02 10:14:59;2022-10-02 10:15:15;2022-10-02 10:15:32;2022-10-02 10:15:38;2022-10-02 10:15:39;False;0;3;94;78;16;1;19;19;16;17;6;MB;MA;MB;MB;MB;MA;MA;A1;MB;
56332;40;9;1023;71;2022-10-02 10:15:40;2022-10-02 10:16:44;0001-01-01 00:00:00;0001-01-01 00:00:00;2022-10-02 10:16:46;2022-10-02 10:17:40;2022-10-02 10:18:21;2022-10-02 10:18:47;2022-10-02 10:19:07;2022-10-02 10:19:56;2022-10-02 10:19:57;False;0;3;257;191;66;2;54;41;26;20;49;A1;A2;MA;MB;A1;A2;A1;A1;A2;
56332;40;9;1023;72;2022-10-02 10:19:59;2022-10-02 10:20:24;0001-01-01 00:00:00;0001-01-01 00:00:00;2022-10-02 10:20:26;2022-10-02 10:20:44;2022-10-02 10:20:52;2022-10-02 10:21:04;2022-10-02 10:21:15;2022-10-02 10:21:20;2022-10-02 10:21:22;False;0;3;83;56;27;2;18;8;12;11;5;MB;MB;MB;MB;MB;MB;MB;MA;MB;
56332;40;9;1023;73;2022-10-02 10:21:23;2022-10-02 10:21:42;0001-01-01 00:00:00;0001-01-01 00:00:00;2022-10-02 10:21:45;2022-10-02 10:22:11;2022-10-02 10:22:36;2022-10-02 10:22:51;2022-10-02 10:23:05;2022-10-02 10:23:15;2022-10-02 10:23:17;False;0;0;114;92;22;3;26;25;15;14;10;MB;MA;MB;MB;MA;MA;MA;MA;MB;
56332;40;9;1023;74;2022-10-02 10:23:18;2022-10-02 10:23:29;0001-01-01 00:00:00;0001-01-01 00:00:00;2022-10-02 10:23:32;2022-10-02 10:23:41;2022-10-02 10:23:44;2022-10-02 10:23:47;2022-10-02 10:23:50;2022-10-02 10:23:53;2022-10-02 10:23:55;False;0;2;37;23;14;3;9;3;3;3;3;B1;B1;MB;MB;B1;B1;B1;B1;MB;
56332;40;9;1023;75;2022-10-02 10:23:57;2022-10-02 10:24:32;0001-01-01 00:00:00;0001-01-01 00:00:00;2022-10-02 10:24:34;2022-10-02 10:24:44;2022-10-02 10:24:51;2022-10-02 10:24:58;2022-10-02 10:25:05;2022-10-02 10:25:09;2022-10-02 10:25:11;False;0;1;74;37;37;2;10;7;7;7;4;MB;B1;MB;MB;MB;B1;MB;MB;MB;
56332;40;9;1023;76;2022-10-02 10:25:13;2022-10-02 10:25:24;0001-01-01 00:00:00;0001-01-01 00:00:00;2022-10-02 10:25:26;2022-10-02 10:25:56;2022-10-02 10:26:16;2022-10-02 10:26:31;2022-10-02 10:27:07;2022-10-02 10:27:15;2022-10-02 10:27:17;False;0;12;124;111;13;2;30;20;15;36;8;MB;A1;MB;MB;MA;MA;MA;A2;MB;
56332;40;9;1023;77;2022-10-02 10:27:18;2022-10-02 10:27:34;0001-01-01 00:00:00;0001-01-01 00:00:00;2022-10-02 10:27:34;2022-10-02 10:27:51;2022-10-02 10:28:04;2022-10-02 10:28:11;2022-10-02 10:28:20;2022-10-02 10:28:27;2022-10-02 10:28:29;False;0;2;71;55;16;0;17;13;7;9;7;MB;MB;MB;MB;MB;MB;MB;MB;MB;
56332;40;9;1023;78;2022-10-02 10:28:30;2022-10-02 10:28:47;0001-01-01 00:00:00;0001-01-01 00:00:00;2022-10-02 10:28:48;2022-10-02 10:29:10;2022-10-02 10:29:35;2022-10-02 10:29:47;2022-10-02 10:29:56;2022-10-02 10:30:03;2022-10-02 10:30:05;False;0;0;95;77;18;1;22;25;12;9;7;MB;MA;MB;MB;MB;MA;MB;MB;MB;
56332;40;9;1023;79;2022-10-02 10:30:07;2022-10-02 10:30:22;0001-01-01 00:00:00;0001-01-01 00:00:00;2022-10-02 10:30:23;2022-10-02 10:30:39;2022-10-02 10:30:53;2022-10-02 10:31:03;2022-10-02 10:31:11;2022-10-02 10:31:19;2022-10-02 10:31:21;False;0;0;74;58;16;1;16;14;10;8;8;MB;MB;MB;MB;MB;MB;MB;MB;MB;
56332;40;9;1023;80;2022-10-02 10:31:23;2022-10-02 10:31:49;0001-01-01 00:00:00;0001-01-01 00:00:00;2022-10-02 10:31:50;2022-10-02 10:32:20;2022-10-02 10:35:00;2022-10-02 10:35:23;2022-10-02 10:35:43;2022-10-02 10:35:50;2022-10-02 10:35:51;False;0;3;268;241;27;1;30;160;23;20;7;A1;A2;MB;MB;MA;A2;A1;A1;MB;
56332;40;9;1023;81;2022-10-02 10:35:53;2022-10-02 10:36:09;0001-01-01 00:00:00;0001-01-01 00:00:00;2022-10-02 10:36:10;2022-10-02 10:36:33;2022-10-02 10:36:41;2022-10-02 10:36:48;2022-10-02 10:36:53;2022-10-02 10:36:58;2022-10-02 10:37:00;False;0;0;67;50;17;1;23;8;7;5;5;MB;MB;MB;MB;MB;MB;MB;MB;MB;
56332;40;9;1023;82;2022-10-02 10:37:01;2022-10-02 10:37:18;0001-01-01 00:00:00;0001-01-01 00:00:00;2022-10-02 10:37:20;2022-10-02 10:37:39;2022-10-02 10:37:48;2022-10-02 10:37:54;2022-10-02 10:38:02;2022-10-02 10:38:07;2022-10-02 10:38:08;False;0;1;67;48;19;2;19;9;6;8;5;MB;MB;MB;MB;MB;MB;MB;MB;MB;
56332;40;9;1023;83;2022-10-02 10:38:10;2022-10-02 10:38:19;0001-01-01 00:00:00;0001-01-01 00:00:00;2022-10-02 10:38:20;2022-10-02 10:38:39;2022-10-02 10:39:36;2022-10-02 10:40:03;2022-10-02 10:40:28;2022-10-02 10:40:35;2022-10-02 10:40:37;False;0;12;147;137;10;1;19;57;27;25;7;MA;A1;MB;MB;MB;A2;A1;A2;MB;
56332;40;9;1023;84;2022-10-02 10:40:38;2022-10-02 10:40:51;0001-01-01 00:00:00;0001-01-01 00:00:00;2022-10-02 10:40:52;2022-10-02 10:41:18;2022-10-02 10:41:33;2022-10-02 10:41:42;2022-10-02 10:41:47;2022-10-02 10:41:54;2022-10-02 10:41:56;False;0;0;78;64;14;1;26;15;9;5;7;MB;MB;MB;MB;MA;MB;MB;MB;MB;
56332;40;9;1023;85;2022-10-02 10:41:57;2022-10-02 10:42:49;0001-01-01 00:00:00;0001-01-01 00:00:00;2022-10-02 10:42:51;2022-10-02 10:43:22;2022-10-02 10:46:10;2022-10-02 10:46:25;2022-10-02 10:46:35;2022-10-02 10:50:32;2022-10-02 10:50:34;False;0;8;517;463;54;2;31;168;15;10;237;A2;A2;MB;MB;MA;A2;MA;MA;A2;
56332;40;9;1023;86;2022-10-02 10:50:35;2022-10-02 10:51:04;0001-01-01 00:00:00;0001-01-01 00:00:00;2022-10-02 10:51:07;2022-10-02 10:51:40;2022-10-02 10:51:58;2022-10-02 10:52:07;2022-10-02 10:52:17;2022-10-02 10:52:22;2022-10-02 10:52:24;False;0;0;109;77;32;3;33;18;9;10;5;MB;MA;MB;MB;MA;MA;MB;MA;MB;
56332;40;9;1023;87;2022-10-02 10:52:25;2022-10-02 10:52:51;0001-01-01 00:00:00;0001-01-01 00:00:00;2022-10-02 10:52:52;2022-10-02 10:53:03;2022-10-02 10:53:12;2022-10-02 10:53:19;2022-10-02 10:53:24;2022-10-02 10:53:29;2022-10-02 10:53:30;False;0;1;65;38;27;1;11;9;7;5;5;MB;B1;MB;MB;MB;MB;MB;MB;MB;
56332;40;9;1023;88;2022-10-02 10:53:32;2022-10-02 10:53:46;0001-01-01 00:00:00;0001-01-01 00:00:00;2022-10-02 10:53:47;2022-10-02 10:54:02;2022-10-02 10:54:12;2022-10-02 10:54:20;2022-10-02 10:54:24;2022-10-02 10:54:30;2022-10-02 10:54:31;False;0;0;59;44;15;1;15;10;8;4;6;B1;B1;MB;MB;MB;MB;MB;B1;MB;
56332;40;9;1023;89;2022-10-02 10:54:33;2022-10-02 10:54:46;0001-01-01 00:00:00;0001-01-01 00:00:00;2022-10-02 10:54:47;2022-10-02 10:55:25;2022-10-02 10:56:22;2022-10-02 10:56:46;2022-10-02 10:56:51;2022-10-02 10:57:11;2022-10-02 10:57:13;False;0;8;160;146;14;1;38;57;24;5;20;MA;A2;MB;MB;MA;A2;A1;MB;A1;
56332;40;9;1023;90;2022-10-02 10:57:14;2022-10-02 10:57:28;0001-01-01 00:00:00;0001-01-01 00:00:00;2022-10-02 10:57:29;2022-10-02 10:59:06;2022-10-02 10:59:31;2022-10-02 11:02:02;2022-10-02 11:02:18;2022-10-02 11:02:29;2022-10-02 11:02:30;False;0;24;316;301;15;1;97;25;151;16;11;A2;A2;MB;MB;A2;MA;A2;A1;MA;
56332;40;9;1023;91;2022-10-02 11:02:32;2022-10-02 11:02:55;0001-01-01 00:00:00;0001-01-01 00:00:00;2022-10-02 11:02:56;2022-10-02 11:03:13;2022-10-02 11:03:23;2022-10-02 11:03:30;2022-10-02 11:03:35;2022-10-02 11:03:42;2022-10-02 11:03:44;False;0;0;72;48;24;1;17;10;7;5;7;MB;MB;MB;MB;MB;MB;MB;MB;MB;
56332;40;9;1023;92;2022-10-02 11:03:45;2022-10-02 11:04:17;0001-01-01 00:00:00;0001-01-01 00:00:00;2022-10-02 11:04:17;2022-10-02 11:04:40;2022-10-02 11:04:48;2022-10-02 11:04:52;2022-10-02 11:04:57;2022-10-02 11:05:00;2022-10-02 11:05:01;False;0;4;76;44;32;0;23;8;4;5;3;MB;B1;MB;MB;MB;MB;B1;MB;MB;
56332;40;9;1023;93;2022-10-02 11:05:03;2022-10-02 11:05:34;0001-01-01 00:00:00;0001-01-01 00:00:00;2022-10-02 11:05:37;2022-10-02 11:05:44;2022-10-02 11:05:49;2022-10-02 11:05:53;2022-10-02 11:05:57;2022-10-02 11:06:01;2022-10-02 11:06:03;False;0;0;60;26;34;3;7;5;4;4;4;B1;B1;MB;MB;B1;B1;B1;B1;MB;
56332;40;9;1023;94;2022-10-02 11:06:04;2022-10-02 11:06:19;0001-01-01 00:00:00;0001-01-01 00:00:00;2022-10-02 11:06:20;2022-10-02 11:06:38;2022-10-02 11:06:57;2022-10-02 11:07:07;2022-10-02 11:07:12;2022-10-02 11:07:17;2022-10-02 11:07:19;False;0;1;75;59;16;1;18;19;10;5;5;MB;MB;MB;MB;MB;MA;MB;MB;MB;
56332;40;9;1023;95;2022-10-02 11:07:20;2022-10-02 11:07:38;0001-01-01 00:00:00;0001-01-01 00:00:00;2022-10-02 11:07:39;2022-10-02 11:07:49;2022-10-02 11:07:56;2022-10-02 11:08:01;2022-10-02 11:08:16;2022-10-02 11:08:21;2022-10-02 11:08:23;False;0;2;63;44;19;1;10;7;5;15;5;B1;B1;MB;MB;MB;B1;B1;A1;MB;
56332;40;9;1023;96;2022-10-02 11:08:24;2022-10-02 11:08:39;0001-01-01 00:00:00;0001-01-01 00:00:00;2022-10-02 11:08:40;2022-10-02 11:09:00;2022-10-02 11:09:07;2022-10-02 11:09:14;2022-10-02 11:09:18;2022-10-02 11:09:23;2022-10-02 11:09:24;False;0;0;60;44;16;1;20;7;7;4;5;B1;B1;MB;MB;MB;B1;MB;B1;MB;
56332;40;9;1023;97;2022-10-02 11:09:26;2022-10-02 11:09:37;0001-01-01 00:00:00;0001-01-01 00:00:00;2022-10-02 11:09:38;2022-10-02 11:09:51;2022-10-02 11:10:07;2022-10-02 11:10:20;2022-10-02 11:10:28;2022-10-02 11:10:32;2022-10-02 11:10:34;False;0;2;68;56;12;1;13;16;13;8;4;MB;MB;MB;MB;MB;MB;MB;MB;MB;
56332;40;9;1023;98;2022-10-02 11:10:36;2022-10-02 11:10:58;0001-01-01 00:00:00;0001-01-01 00:00:00;2022-10-02 11:10:59;2022-10-02 11:11:13;2022-10-02 11:11:28;2022-10-02 11:11:40;2022-10-02 11:11:46;2022-10-02 11:11:52;2022-10-02 11:11:54;False;0;3;78;55;23;1;14;15;12;6;6;MB;MB;MB;MB;MB;MB;MB;MB;MB;
56332;40;9;1023;99;2022-10-02 11:11:55;2022-10-02 11:12:16;0001-01-01 00:00:00;0001-01-01 00:00:00;2022-10-02 11:12:18;2022-10-02 11:12:37;2022-10-02 11:12:49;2022-10-02 11:12:56;2022-10-02 11:13:01;2022-10-02 11:13:06;2022-10-02 11:13:07;False;0;0;72;49;23;2;19;12;7;5;5;MB;MB;MB;MB;MB;MB;MB;MB;MB;
56332;40;9;1023;100;2022-10-02 11:13:09;2022-10-02 11:13:44;0001-01-01 00:00:00;0001-01-01 00:00:00;2022-10-02 11:13:45;2022-10-02 11:13:51;2022-10-02 11:13:57;2022-10-02 11:14:01;2022-10-02 11:14:05;2022-10-02 11:14:08;2022-10-02 11:14:11;False;0;0;62;26;36;1;6;6;4;4;3;B1;B1;MB;MB;B1;B1;B1;B1;MB;
56332;40;9;1023;101;2022-10-02 11:14:12;2022-10-02 11:14:30;0001-01-01 00:00:00;0001-01-01 00:00:00;2022-10-02 11:14:31;2022-10-02 11:14:58;2022-10-02 11:15:17;2022-10-02 11:15:30;2022-10-02 11:15:44;2022-10-02 11:15:52;2022-10-02 11:15:53;False;0;0;101;82;19;1;27;19;13;14;8;MB;MA;MB;MB;MA;MA;MB;MA;MB;
56332;40;9;1023;102;2022-10-02 11:15:55;2022-10-02 11:16:13;0001-01-01 00:00:00;0001-01-01 00:00:00;2022-10-02 11:16:14;2022-10-02 11:16:25;2022-10-02 11:16:34;2022-10-02 11:16:39;2022-10-02 11:16:46;2022-10-02 11:16:49;2022-10-02 11:16:51;False;0;0;56;37;19;1;11;9;5;7;3;B1;B1;MB;MB;MB;MB;B1;MB;MB;
56332;40;9;1023;103;2022-10-02 11:16:52;2022-10-02 11:17:04;0001-01-01 00:00:00;0001-01-01 00:00:00;2022-10-02 11:17:06;2022-10-02 11:17:15;2022-10-02 11:17:23;2022-10-02 11:17:29;2022-10-02 11:17:33;2022-10-02 11:17:37;2022-10-02 11:17:38;False;0;1;46;32;14;2;9;8;6;4;4;B1;B1;MB;MB;B1;MB;MB;B1;MB;
56332;40;9;1023;104;2022-10-02 11:17:40;2022-10-02 11:17:53;0001-01-01 00:00:00;0001-01-01 00:00:00;2022-10-02 11:17:55;2022-10-02 11:18:09;2022-10-02 11:18:21;2022-10-02 11:18:29;2022-10-02 11:18:36;2022-10-02 11:18:43;2022-10-02 11:18:45;False;0;0;65;50;15;2;14;12;8;7;7;MB;MB;MB;MB;MB;MB;MB;MB;MB;
56332;40;9;1023;105;2022-10-02 11:18:47;2022-10-02 11:18:59;0001-01-01 00:00:00;0001-01-01 00:00:00;2022-10-02 11:19:00;2022-10-02 11:19:24;2022-10-02 11:19:39;2022-10-02 11:19:52;2022-10-02 11:20:02;2022-10-02 11:20:16;2022-10-02 11:20:18;False;0;0;91;78;13;1;24;15;13;10;14;MB;MA;MB;MB;MB;MB;MB;MA;MA;
56332;40;9;1023;106;2022-10-02 11:20:19;2022-10-02 11:20:50;0001-01-01 00:00:00;0001-01-01 00:00:00;2022-10-02 11:20:51;2022-10-02 11:21:14;2022-10-02 11:21:24;2022-10-02 11:21:31;2022-10-02 11:21:44;2022-10-02 11:21:56;2022-10-02 11:21:57;False;0;0;98;66;32;1;23;10;7;13;12;MB;MB;MB;MB;MB;MB;MB;MA;MA;
56332;40;9;1023;107;2022-10-02 11:21:59;2022-10-02 11:22:09;0001-01-01 00:00:00;0001-01-01 00:00:00;2022-10-02 11:22:10;2022-10-02 11:22:23;2022-10-02 11:22:28;2022-10-02 11:22:34;2022-10-02 11:22:41;2022-10-02 11:22:46;2022-10-02 11:22:47;False;0;1;48;37;11;1;13;5;6;7;5;B1;B1;MB;MB;MB;B1;MB;MB;MB;
56332;40;9;1023;108;2022-10-02 11:22:49;2022-10-02 11:23:03;0001-01-01 00:00:00;0001-01-01 00:00:00;2022-10-02 11:23:04;2022-10-02 11:23:25;2022-10-02 11:23:38;2022-10-02 11:23:45;2022-10-02 11:23:54;2022-10-02 11:24:01;2022-10-02 11:24:02;False;0;2;73;58;15;1;21;13;7;9;7;MB;MB;MB;MB;MB;MB;MB;MB;MB;
56332;40;9;1023;109;2022-10-02 11:24:04;2022-10-02 11:24:17;0001-01-01 00:00:00;0001-01-01 00:00:00;2022-10-02 11:24:19;2022-10-02 11:24:34;2022-10-02 11:25:08;2022-10-02 11:25:18;2022-10-02 11:25:29;2022-10-02 11:26:03;2022-10-02 11:26:05;False;0;13;121;106;15;2;15;34;10;11;34;MB;MA;MB;MB;MB;A1;MB;MA;A2;
56332;40;9;1023;110;2022-10-02 11:26:07;2022-10-02 11:26:20;0001-01-01 00:00:00;0001-01-01 00:00:00;2022-10-02 11:26:22;2022-10-02 11:26:38;2022-10-02 11:26:45;2022-10-02 11:26:51;2022-10-02 11:26:58;2022-10-02 11:27:03;2022-10-02 11:27:04;False;0;2;57;42;15;2;16;7;6;7;5;B1;B1;MB;MB;MB;B1;MB;MB;MB;
56332;40;9;1023;111;2022-10-02 11:27:06;2022-10-02 11:27:25;0001-01-01 00:00:00;0001-01-01 00:00:00;2022-10-02 11:27:26;2022-10-02 11:27:39;2022-10-02 11:27:46;2022-10-02 11:28:05;2022-10-02 11:28:17;2022-10-02 11:28:21;2022-10-02 11:28:22;False;0;2;76;56;20;1;13;7;19;12;4;MB;MB;MB;MB;MB;B1;MA;MA;MB;
56332;40;9;1023;112;2022-10-02 11:28:24;2022-10-02 11:28:38;0001-01-01 00:00:00;0001-01-01 00:00:00;2022-10-02 11:28:39;2022-10-02 11:28:48;2022-10-02 11:28:58;2022-10-02 11:29:07;2022-10-02 11:29:10;2022-10-02 11:29:14;2022-10-02 11:29:16;False;0;1;52;37;15;1;9;10;9;3;4;B1;B1;MB;MB;B1;MB;MB;B1;MB;
56332;40;9;1023;113;2022-10-02 11:29:18;2022-10-02 11:29:28;0001-01-01 00:00:00;0001-01-01 00:00:00;2022-10-02 11:29:29;2022-10-02 11:29:40;2022-10-02 11:29:54;2022-10-02 11:29:59;2022-10-02 11:30:04;2022-10-02 11:30:11;2022-10-02 11:30:12;False;0;0;54;43;11;1;11;14;5;5;7;B1;B1;MB;MB;MB;MB;B1;MB;MB;
56332;40;9;1023;114;2022-10-02 11:30:14;2022-10-02 11:30:30;0001-01-01 00:00:00;0001-01-01 00:00:00;2022-10-02 11:30:31;2022-10-02 11:30:43;2022-10-02 11:30:51;2022-10-02 11:30:56;2022-10-02 11:31:02;2022-10-02 11:31:05;2022-10-02 11:31:07;False;0;0;53;36;17;1;12;8;5;6;3;B1;B1;MB;MB;MB;MB;B1;MB;MB;
56332;40;9;1023;115;2022-10-02 11:31:08;2022-10-02 11:31:35;0001-01-01 00:00:00;0001-01-01 00:00:00;2022-10-02 11:31:36;2022-10-02 11:31:47;2022-10-02 11:31:55;2022-10-02 11:32:01;2022-10-02 11:32:05;2022-10-02 11:32:09;2022-10-02 11:32:11;False;0;1;63;35;28;1;11;8;6;4;4;B1;B1;MB;MB;MB;MB;MB;B1;MB;
56332;40;9;1023;116;2022-10-02 11:32:12;2022-10-02 11:32:32;0001-01-01 00:00:00;0001-01-01 00:00:00;2022-10-02 11:32:34;2022-10-02 11:32:50;2022-10-02 11:32:59;2022-10-02 11:33:09;2022-10-02 11:33:13;2022-10-02 11:33:17;2022-10-02 11:33:18;False;0;2;66;44;22;2;16;9;10;4;4;MB;B1;MB;MB;MB;MB;MB;B1;MB;
56332;40;9;1023;117;2022-10-02 11:33:20;2022-10-02 11:33:59;0001-01-01 00:00:00;0001-01-01 00:00:00;2022-10-02 11:34:00;2022-10-02 11:34:57;2022-10-02 11:35:43;2022-10-02 11:36:28;2022-10-02 11:36:57;2022-10-02 11:37:13;2022-10-02 11:37:14;False;0;22;234;194;40;1;57;46;45;29;16;A1;A2;MB;MB;A2;A2;A2;A2;MA;
56332;40;9;1023;118;2022-10-02 11:37:16;2022-10-02 11:37:33;0001-01-01 00:00:00;0001-01-01 00:00:00;2022-10-02 11:37:34;2022-10-02 11:37:43;2022-10-02 11:37:58;2022-10-02 11:38:04;2022-10-02 11:38:11;2022-10-02 11:38:16;2022-10-02 11:38:17;False;0;1;61;43;18;1;9;15;6;7;5;B1;B1;MB;MB;B1;MB;MB;MB;MB;
56332;40;9;1023;119;2022-10-02 11:38:20;2022-10-02 11:38:34;0001-01-01 00:00:00;0001-01-01 00:00:00;2022-10-02 11:38:35;2022-10-02 11:38:49;2022-10-02 11:39:01;2022-10-02 11:39:10;2022-10-02 11:39:20;2022-10-02 11:39:29;2022-10-02 11:39:30;False;0;0;70;55;15;1;14;12;9;10;9;MB;MB;MB;MB;MB;MB;MB;MA;MB;
56332;40;9;1023;120;2022-10-02 11:39:32;2022-10-02 11:39:45;0001-01-01 00:00:00;0001-01-01 00:00:00;2022-10-02 11:39:47;2022-10-02 11:40:15;2022-10-02 11:41:08;2022-10-02 11:41:25;2022-10-02 11:41:54;2022-10-02 11:42:16;2022-10-02 11:42:18;False;0;18;166;151;15;2;28;53;17;29;22;MA;A2;MB;MB;MA;A2;MA;A2;A1;
56332;40;9;1023;121;2022-10-02 11:42:20;2022-10-02 11:42:34;0001-01-01 00:00:00;0001-01-01 00:00:00;2022-10-02 11:42:35;2022-10-02 11:42:47;2022-10-02 11:42:54;2022-10-02 11:43:02;2022-10-02 11:43:10;2022-10-02 11:43:16;2022-10-02 11:43:18;False;0;0;58;43;15;1;12;7;8;8;6;B1;B1;MB;MB;MB;B1;MB;MB;MB;
56332;40;9;1023;122;2022-10-02 11:43:20;2022-10-02 11:43:48;0001-01-01 00:00:00;0001-01-01 00:00:00;2022-10-02 11:43:49;2022-10-02 11:43:57;2022-10-02 11:44:06;2022-10-02 11:44:15;2022-10-02 11:44:20;2022-10-02 11:44:23;2022-10-02 11:44:24;False;0;1;64;35;29;1;8;9;9;5;3;MB;B1;MB;MB;B1;MB;MB;MB;MB;
56332;40;9;1023;123;2022-10-02 11:44:26;2022-10-02 11:44:39;0001-01-01 00:00:00;0001-01-01 00:00:00;2022-10-02 11:44:41;2022-10-02 11:46:29;2022-10-02 11:46:58;2022-10-02 11:47:12;2022-10-02 11:47:27;2022-10-02 11:47:33;2022-10-02 11:47:35;False;0;22;189;174;15;2;108;29;14;15;6;MA;A2;MB;MB;A2;A1;MA;A1;MB;
56332;40;9;1023;124;2022-10-02 11:47:37;2022-10-02 11:47:53;0001-01-01 00:00:00;0001-01-01 00:00:00;2022-10-02 11:47:54;2022-10-02 11:48:14;2022-10-02 11:48:25;2022-10-02 11:48:33;2022-10-02 11:48:44;2022-10-02 11:48:54;2022-10-02 11:48:56;False;0;0;79;62;17;1;20;11;8;11;10;MB;MB;MB;MB;MB;MB;MB;MA;MB;
56332;40;9;1023;125;2022-10-02 11:48:57;2022-10-02 11:49:09;0001-01-01 00:00:00;0001-01-01 00:00:00;2022-10-02 11:49:11;2022-10-02 11:49:23;2022-10-02 11:49:37;2022-10-02 11:49:42;2022-10-02 11:49:46;2022-10-02 11:49:50;2022-10-02 11:49:52;False;0;4;55;41;14;2;12;14;5;4;4;B1;B1;MB;MB;MB;MB;B1;B1;MB;
56332;40;9;1023;126;2022-10-02 11:49:53;2022-10-02 11:50:09;0001-01-01 00:00:00;0001-01-01 00:00:00;2022-10-02 11:50:11;2022-10-02 11:50:23;2022-10-02 11:50:30;2022-10-02 11:50:36;2022-10-02 11:50:40;2022-10-02 11:50:43;2022-10-02 11:50:44;False;0;4;51;33;18;2;12;7;6;4;3;B1;B1;MB;MB;MB;B1;MB;B1;MB;
56332;40;9;1023;127;2022-10-02 11:50:46;2022-10-02 11:51:35;0001-01-01 00:00:00;0001-01-01 00:00:00;2022-10-02 11:51:36;2022-10-02 11:51:54;2022-10-02 11:52:04;2022-10-02 11:52:10;2022-10-02 11:52:15;2022-10-02 11:52:20;2022-10-02 11:52:21;False;0;0;95;45;50;1;18;10;6;5;5;MB;B1;MB;MB;MB;MB;MB;MB;MB;
56332;40;9;1023;128;2022-10-02 11:52:23;2022-10-02 11:52:36;0001-01-01 00:00:00;0001-01-01 00:00:00;2022-10-02 11:52:38;2022-10-02 11:52:56;2022-10-02 11:53:03;2022-10-02 11:53:09;2022-10-02 11:53:12;2022-10-02 11:53:41;2022-10-02 11:53:43;False;0;3;80;65;15;2;18;7;6;3;29;MB;MB;MB;MB;MB;B1;MB;B1;A2;
56332;40;9;1023;129;2022-10-02 11:53:45;2022-10-02 11:54:00;0001-01-01 00:00:00;0001-01-01 00:00:00;2022-10-02 11:54:01;2022-10-02 11:54:23;2022-10-02 11:56:21;2022-10-02 11:57:32;2022-10-02 11:59:48;2022-10-02 12:01:11;2022-10-02 12:01:13;False;0;20;448;432;16;1;22;118;71;136;83;A2;A2;MB;MB;MB;A2;A2;A2;A2;
56332;40;9;1023;130;2022-10-02 12:01:14;2022-10-02 12:02:00;0001-01-01 00:00:00;0001-01-01 00:00:00;2022-10-02 12:02:01;2022-10-02 12:02:15;2022-10-02 12:02:35;2022-10-02 12:02:47;2022-10-02 12:02:54;2022-10-02 12:03:01;2022-10-02 12:03:02;False;0;0;108;61;47;1;14;20;12;7;7;MB;MB;MB;MB;MB;MA;MB;MB;MB;
56332;40;9;1023;131;2022-10-02 12:03:04;2022-10-02 12:03:34;0001-01-01 00:00:00;0001-01-01 00:00:00;2022-10-02 12:03:36;2022-10-02 12:03:46;2022-10-02 12:03:57;2022-10-02 12:04:17;2022-10-02 12:04:23;2022-10-02 12:04:46;2022-10-02 12:04:48;False;0;4;104;72;32;2;10;11;20;6;23;MB;MB;MB;MB;MB;MB;MA;MB;A1;
56332;40;9;1023;132;2022-10-02 12:04:49;2022-10-02 12:05:16;0001-01-01 00:00:00;0001-01-01 00:00:00;2022-10-02 12:05:18;2022-10-02 12:05:42;2022-10-02 12:05:56;2022-10-02 12:06:11;2022-10-02 12:06:20;2022-10-02 12:06:27;2022-10-02 12:06:29;False;0;2;100;71;29;2;24;14;15;9;7;MB;MB;MB;MB;MB;MB;MA;MB;MB;
56332;40;9;1023;133;2022-10-02 12:06:30;2022-10-02 12:06:42;0001-01-01 00:00:00;0001-01-01 00:00:00;2022-10-02 12:06:43;2022-10-02 12:06:53;2022-10-02 12:07:02;2022-10-02 12:07:11;2022-10-02 12:07:15;2022-10-02 12:07:19;2022-10-02 12:07:20;False;0;2;50;37;13;1;10;9;9;4;4;B1;B1;MB;MB;MB;MB;MB;B1;MB;
56332;40;9;1023;134;2022-10-02 12:07:22;2022-10-02 12:07:40;0001-01-01 00:00:00;0001-01-01 00:00:00;2022-10-02 12:07:42;2022-10-02 12:07:53;2022-10-02 12:08:09;2022-10-02 12:08:32;2022-10-02 12:08:39;2022-10-02 12:08:46;2022-10-02 12:08:48;False;0;7;86;66;20;2;11;16;23;7;7;MB;MB;MB;MB;MB;MB;A1;MB;MB;
56332;40;9;1023;135;2022-10-02 12:08:50;2022-10-02 12:09:01;0001-01-01 00:00:00;0001-01-01 00:00:00;2022-10-02 12:09:03;2022-10-02 12:09:23;2022-10-02 12:09:44;2022-10-02 12:10:00;2022-10-02 12:10:12;2022-10-02 12:10:23;2022-10-02 12:10:25;False;0;4;95;82;13;2;20;21;16;12;11;MB;MA;MB;MB;MB;MA;MA;MA;MA;
56332;40;9;1023;136;2022-10-02 12:10:27;2022-10-02 12:10:37;0001-01-01 00:00:00;0001-01-01 00:00:00;2022-10-02 12:10:39;2022-10-02 12:11:00;2022-10-02 12:11:07;2022-10-02 12:11:13;2022-10-02 12:11:18;2022-10-02 12:11:23;2022-10-02 12:11:25;False;0;0;58;46;12;2;21;7;6;5;5;B1;MB;MB;MB;MB;B1;MB;MB;MB;
56332;40;9;1023;137;2022-10-02 12:11:27;2022-10-02 12:11:39;0001-01-01 00:00:00;0001-01-01 00:00:00;2022-10-02 12:11:42;2022-10-02 12:12:05;2022-10-02 12:12:18;2022-10-02 12:12:27;2022-10-02 12:12:34;2022-10-02 12:12:42;2022-10-02 12:12:44;False;0;0;77;62;15;3;23;13;9;7;8;MB;MB;MB;MB;MB;MB;MB;MB;MB;
56332;40;9;1023;138;2022-10-02 12:12:46;2022-10-02 12:12:59;0001-01-01 00:00:00;0001-01-01 00:00:00;2022-10-02 12:13:01;2022-10-02 12:13:15;2022-10-02 12:13:26;2022-10-02 12:13:33;2022-10-02 12:13:39;2022-10-02 12:13:48;2022-10-02 12:13:49;False;0;1;63;48;15;2;14;11;7;6;9;B1;MB;MB;MB;MB;MB;MB;MB;MB;
56332;40;9;1023;139;2022-10-02 12:13:51;2022-10-02 12:14:03;0001-01-01 00:00:00;0001-01-01 00:00:00;2022-10-02 12:14:04;2022-10-02 12:14:17;2022-10-02 12:14:24;2022-10-02 12:14:32;2022-10-02 12:14:39;2022-10-02 12:14:45;2022-10-02 12:14:47;False;0;4;56;43;13;1;13;7;8;7;6;B1;B1;MB;MB;MB;B1;MB;MB;MB;
56332;40;9;1023;140;2022-10-02 12:14:48;2022-10-02 12:15:04;0001-01-01 00:00:00;0001-01-01 00:00:00;2022-10-02 12:15:06;2022-10-02 12:15:24;2022-10-02 12:15:38;2022-10-02 12:15:49;2022-10-02 12:15:57;2022-10-02 12:16:04;2022-10-02 12:16:05;False;0;2;77;59;18;2;18;14;11;8;7;MB;MB;MB;MB;MB;MB;MB;MB;MB;
56332;40;9;1023;141;2022-10-02 12:16:07;2022-10-02 12:16:16;0001-01-01 00:00:00;0001-01-01 00:00:00;2022-10-02 12:16:18;2022-10-02 12:16:37;2022-10-02 12:16:48;2022-10-02 12:16:56;2022-10-02 12:17:01;2022-10-02 12:17:05;2022-10-02 12:17:07;False;0;1;60;49;11;2;19;11;8;5;4;B1;MB;MB;MB;MB;MB;MB;MB;MB;
56332;40;9;1023;142;2022-10-02 12:17:08;2022-10-02 12:17:21;0001-01-01 00:00:00;0001-01-01 00:00:00;2022-10-02 12:17:23;2022-10-02 12:17:35;2022-10-02 12:17:42;2022-10-02 12:17:47;2022-10-02 12:17:59;2022-10-02 12:18:03;2022-10-02 12:18:04;False;0;1;56;41;15;2;12;7;5;12;4;B1;B1;MB;MB;MB;B1;B1;MA;MB;
56332;40;9;1023;143;2022-10-02 12:18:06;2022-10-02 12:18:44;0001-01-01 00:00:00;0001-01-01 00:00:00;2022-10-02 12:18:45;2022-10-02 12:19:16;2022-10-02 12:19:25;2022-10-02 12:19:28;2022-10-02 12:19:33;2022-10-02 12:19:39;2022-10-02 12:19:41;False;0;0;95;56;39;1;31;9;3;5;6;MB;MB;MB;MB;MA;MB;B1;MB;MB;
56332;40;9;1023;144;2022-10-02 12:19:42;2022-10-02 12:19:53;0001-01-01 00:00:00;0001-01-01 00:00:00;2022-10-02 12:19:54;2022-10-02 12:20:38;2022-10-02 12:20:52;2022-10-02 12:21:14;2022-10-02 12:21:33;2022-10-02 12:21:44;2022-10-02 12:21:46;False;0;11;124;112;12;1;44;14;22;19;11;MB;A1;MB;MB;A1;MB;A1;A1;MA;
56332;40;9;1023;145;2022-10-02 12:21:47;2022-10-02 12:21:58;0001-01-01 00:00:00;0001-01-01 00:00:00;2022-10-02 12:22:00;2022-10-02 12:22:17;2022-10-02 12:22:24;2022-10-02 12:22:30;2022-10-02 12:22:36;2022-10-02 12:22:41;2022-10-02 12:22:43;False;0;0;56;43;13;2;17;7;6;6;5;B1;B1;MB;MB;MB;B1;MB;MB;MB;
56332;40;9;1023;146;2022-10-02 12:22:45;2022-10-02 12:22:55;0001-01-01 00:00:00;0001-01-01 00:00:00;2022-10-02 12:22:57;2022-10-02 12:23:12;2022-10-02 12:23:21;2022-10-02 12:23:27;2022-10-02 12:23:32;2022-10-02 12:23:36;2022-10-02 12:23:37;False;0;0;52;40;12;2;15;9;6;5;4;B1;B1;MB;MB;MB;MB;MB;MB;MB;
56332;40;9;1023;147;2022-10-02 12:23:39;2022-10-02 12:23:56;0001-01-01 00:00:00;0001-01-01 00:00:00;2022-10-02 12:23:58;2022-10-02 12:24:22;2022-10-02 12:24:36;2022-10-02 12:24:42;2022-10-02 12:24:54;2022-10-02 12:25:00;2022-10-02 12:25:02;False;0;1;83;64;19;2;24;14;6;12;6;MB;MB;MB;MB;MB;MB;MB;MA;MB;
56332;40;9;1023;148;2022-10-02 12:25:04;2022-10-02 12:25:20;0001-01-01 00:00:00;0001-01-01 00:00:00;2022-10-02 12:25:23;2022-10-02 12:25:40;2022-10-02 12:25:47;2022-10-02 12:25:51;2022-10-02 12:25:58;2022-10-02 12:26:04;2022-10-02 12:26:05;False;0;3;61;42;19;3;17;7;4;7;6;B1;B1;MB;MB;MB;B1;B1;MB;MB;
56332;40;9;1023;149;2022-10-02 12:26:07;2022-10-02 12:26:25;0001-01-01 00:00:00;0001-01-01 00:00:00;2022-10-02 12:26:29;2022-10-02 12:26:48;2022-10-02 12:26:57;2022-10-02 12:27:13;2022-10-02 12:27:20;2022-10-02 12:27:29;2022-10-02 12:27:30;False;0;0;83;61;22;4;19;9;16;7;9;MB;MB;MB;MB;MB;MB;MA;MB;MB;
56332;40;9;1023;150;2022-10-02 12:27:32;2022-10-02 12:27:42;0001-01-01 00:00:00;0001-01-01 00:00:00;2022-10-02 12:27:44;2022-10-02 12:28:22;2022-10-02 12:29:45;2022-10-02 12:29:57;2022-10-02 12:30:05;2022-10-02 12:30:16;2022-10-02 12:30:18;False;0;2;166;154;12;2;38;83;12;8;11;MA;A2;MB;MB;MA;A2;MB;MB;MA;
56332;40;9;1023;151;2022-10-02 12:30:20;2022-10-02 12:30:36;0001-01-01 00:00:00;0001-01-01 00:00:00;2022-10-02 12:30:38;2022-10-02 12:31:02;2022-10-02 12:31:16;2022-10-02 12:31:26;2022-10-02 12:31:35;2022-10-02 12:31:41;2022-10-02 12:31:43;False;0;0;83;65;18;2;24;14;10;9;6;MB;MB;MB;MB;MB;MB;MB;MB;MB;
56332;40;9;1023;152;2022-10-02 12:31:44;2022-10-02 12:33:08;0001-01-01 00:00:00;0001-01-01 00:00:00;2022-10-02 12:33:09;2022-10-02 12:33:29;2022-10-02 12:33:40;2022-10-02 12:33:49;2022-10-02 12:33:58;2022-10-02 12:34:09;2022-10-02 12:34:10;False;0;0;146;61;85;1;20;11;9;9;11;MA;MB;MA;MB;MB;MB;MB;MB;MA;
56332;40;9;1023;153;2022-10-02 12:34:12;2022-10-02 12:35:13;0001-01-01 00:00:00;0001-01-01 00:00:00;2022-10-02 12:35:15;2022-10-02 12:35:34;2022-10-02 12:35:50;2022-10-02 12:36:05;2022-10-02 12:36:14;2022-10-02 12:36:22;2022-10-02 12:36:24;False;0;0;132;69;63;2;19;16;15;9;8;MB;MB;MA;MB;MB;MB;MA;MB;MB;
56332;40;9;1023;154;2022-10-02 12:36:25;2022-10-02 12:36:51;0001-01-01 00:00:00;0001-01-01 00:00:00;2022-10-02 12:36:53;2022-10-02 12:37:22;2022-10-02 12:37:31;2022-10-02 12:37:38;2022-10-02 12:37:42;2022-10-02 12:37:46;2022-10-02 12:37:47;False;0;0;82;54;28;2;29;9;7;4;4;MB;MB;MB;MB;MA;MB;MB;B1;MB;
56332;40;9;1023;155;2022-10-02 12:37:49;2022-10-02 12:38:03;0001-01-01 00:00:00;0001-01-01 00:00:00;2022-10-02 12:38:04;2022-10-02 12:38:22;2022-10-02 12:38:33;2022-10-02 12:38:41;2022-10-02 12:38:49;2022-10-02 12:38:53;2022-10-02 12:38:55;False;0;0;66;51;15;1;18;11;8;8;4;MB;MB;MB;MB;MB;MB;MB;MB;MB;
56332;40;9;1023;156;2022-10-02 12:38:57;2022-10-02 12:39:06;0001-01-01 00:00:00;0001-01-01 00:00:00;2022-10-02 12:39:08;2022-10-02 12:39:24;2022-10-02 12:39:32;2022-10-02 12:39:37;2022-10-02 12:39:41;2022-10-02 12:39:46;2022-10-02 12:39:48;False;0;3;51;40;11;2;16;8;5;4;5;B1;B1;MB;MB;MB;MB;B1;B1;MB;
56332;40;9;1023;157;2022-10-02 12:39:49;2022-10-02 12:40:08;0001-01-01 00:00:00;0001-01-01 00:00:00;2022-10-02 12:40:09;2022-10-02 12:40:34;2022-10-02 12:41:04;2022-10-02 12:41:15;2022-10-02 12:41:24;2022-10-02 12:41:35;2022-10-02 12:41:36;False;0;0;107;87;20;1;25;30;11;9;11;MB;MA;MB;MB;MA;A1;MB;MB;MA;
56332;40;9;1023;158;2022-10-02 12:41:38;2022-10-02 12:41:54;0001-01-01 00:00:00;0001-01-01 00:00:00;2022-10-02 12:41:57;2022-10-02 12:42:06;2022-10-02 12:42:17;2022-10-02 12:42:21;2022-10-02 12:42:27;2022-10-02 12:42:33;2022-10-02 12:42:35;False;0;3;57;38;19;3;9;11;4;6;6;B1;B1;MB;MB;B1;MB;B1;MB;MB;
56332;40;9;1023;159;2022-10-02 12:42:37;2022-10-02 12:42:52;0001-01-01 00:00:00;0001-01-01 00:00:00;2022-10-02 12:42:54;2022-10-02 12:43:05;2022-10-02 12:43:11;2022-10-02 12:43:17;2022-10-02 12:43:21;2022-10-02 12:43:27;2022-10-02 12:43:29;False;0;1;52;35;17;2;11;6;6;4;6;B1;B1;MB;MB;MB;B1;MB;B1;MB;
56332;40;9;1023;160;2022-10-02 12:43:31;2022-10-02 12:45:18;0001-01-01 00:00:00;0001-01-01 00:00:00;2022-10-02 12:45:24;2022-10-02 12:45:52;2022-10-02 12:46:06;2022-10-02 12:46:20;2022-10-02 12:46:31;2022-10-02 12:46:38;2022-10-02 12:46:39;False;0;0;188;75;113;6;28;14;14;11;7;MA;MB;A1;MA;MA;MB;MA;MA;MB;
56332;40;9;1023;161;2022-10-02 12:46:41;2022-10-02 12:49:25;0001-01-01 00:00:00;0001-01-01 00:00:00;2022-10-02 12:49:28;2022-10-02 12:49:55;2022-10-02 12:50:09;2022-10-02 12:50:25;2022-10-02 12:50:33;2022-10-02 12:50:42;2022-10-02 12:50:44;False;0;0;243;76;167;3;27;14;16;8;9;A1;MB;A2;MB;MA;MB;MA;MB;MB;
56332;40;9;1023;162;2022-10-02 12:50:45;2022-10-02 12:50:55;0001-01-01 00:00:00;0001-01-01 00:00:00;2022-10-02 12:50:56;2022-10-02 12:51:12;2022-10-02 12:51:19;2022-10-02 12:51:24;2022-10-02 12:51:27;2022-10-02 12:51:31;2022-10-02 12:51:32;False;0;5;47;36;11;1;16;7;5;3;4;B1;B1;MB;MB;MB;B1;B1;B1;MB;
56332;40;9;1023;163;2022-10-02 12:51:34;2022-10-02 12:51:54;0001-01-01 00:00:00;0001-01-01 00:00:00;2022-10-02 12:52:07;2022-10-02 12:52:25;2022-10-02 12:52:33;2022-10-02 12:52:45;2022-10-02 12:52:52;2022-10-02 12:52:59;2022-10-02 12:53:01;False;0;2;87;54;33;13;18;8;12;7;7;MB;MB;MB;A2;MB;MB;MB;MB;MB;
56332;40;9;1023;164;2022-10-02 12:53:03;2022-10-02 12:53:19;0001-01-01 00:00:00;0001-01-01 00:00:00;2022-10-02 12:53:20;2022-10-02 12:53:47;2022-10-02 12:54:00;2022-10-02 12:54:07;2022-10-02 12:54:15;2022-10-02 12:54:21;2022-10-02 12:54:22;False;0;0;79;62;17;1;27;13;7;8;6;MB;MB;MB;MB;MA;MB;MB;MB;MB;
56332;40;9;1023;165;2022-10-02 12:54:24;2022-10-02 12:54:42;0001-01-01 00:00:00;0001-01-01 00:00:00;2022-10-02 12:54:44;2022-10-02 12:55:11;2022-10-02 12:55:25;2022-10-02 12:55:38;2022-10-02 12:55:45;2022-10-02 12:55:51;2022-10-02 12:55:52;False;0;2;88;68;20;2;27;14;13;7;6;MB;MB;MB;MB;MA;MB;MB;MB;MB;
56332;40;9;1023;166;2022-10-02 12:55:54;2022-10-02 12:57:12;0001-01-01 00:00:00;0001-01-01 00:00:00;2022-10-02 12:57:14;2022-10-02 12:57:25;2022-10-02 12:57:31;2022-10-02 12:57:36;2022-10-02 12:57:53;2022-10-02 12:57:58;2022-10-02 12:58:00;False;0;0;126;46;80;2;11;6;5;17;5;MB;MB;MA;MB;MB;B1;B1;A1;MB;
56332;40;9;1023;167;2022-10-02 12:58:01;2022-10-02 12:58:58;0001-01-01 00:00:00;0001-01-01 00:00:00;2022-10-02 12:59:00;2022-10-02 12:59:23;2022-10-02 12:59:34;2022-10-02 12:59:42;2022-10-02 12:59:50;2022-10-02 12:59:57;2022-10-02 12:59:59;False;0;0;118;59;59;2;23;11;8;8;7;MB;MB;MA;MB;MB;MB;MB;MB;MB;
56332;40;9;1023;168;2022-10-02 13:00:01;2022-10-02 13:00:15;0001-01-01 00:00:00;0001-01-01 00:00:00;2022-10-02 13:00:17;2022-10-02 13:00:40;2022-10-02 13:00:53;2022-10-02 13:01:01;2022-10-02 13:01:08;2022-10-02 13:01:14;2022-10-02 13:01:15;False;0;0;74;58;16;2;23;13;8;7;6;MB;MB;MB;MB;MB;MB;MB;MB;MB;
56332;40;9;1023;169;2022-10-02 13:01:17;2022-10-02 13:02:12;0001-01-01 00:00:00;0001-01-01 00:00:00;2022-10-02 13:03:43;2022-10-02 13:03:58;2022-10-02 13:04:15;2022-10-02 13:04:25;2022-10-02 13:04:42;2022-10-02 13:04:55;2022-10-02 13:04:57;False;0;0;220;74;146;91;15;17;10;17;13;A1;MB;A1;A2;MB;MB;MB;A1;MA;
56332;40;9;1023;170;2022-10-02 13:04:59;2022-10-02 13:05:17;0001-01-01 00:00:00;0001-01-01 00:00:00;2022-10-02 13:05:19;2022-10-02 13:05:37;2022-10-02 13:05:52;2022-10-02 13:06:03;2022-10-02 13:06:12;2022-10-02 13:06:18;2022-10-02 13:06:19;False;0;0;80;60;20;2;18;15;11;9;6;MB;MB;MB;MB;MB;MB;MB;MB;MB;
56332;40;9;1023;171;2022-10-02 13:06:21;2022-10-02 13:06:39;0001-01-01 00:00:00;0001-01-01 00:00:00;2022-10-02 13:06:41;2022-10-02 13:07:03;2022-10-02 13:07:19;2022-10-02 13:07:37;2022-10-02 13:07:43;2022-10-02 13:07:52;2022-10-02 13:07:54;False;0;1;93;73;20;2;22;16;18;6;9;MB;MB;MB;MB;MB;MB;MA;MB;MB;
56332;40;9;1023;172;2022-10-02 13:07:55;2022-10-02 13:08:55;0001-01-01 00:00:00;0001-01-01 00:00:00;2022-10-02 13:08:57;2022-10-02 13:09:18;2022-10-02 13:09:28;2022-10-02 13:09:34;2022-10-02 13:09:40;2022-10-02 13:09:45;2022-10-02 13:09:47;False;0;2;112;50;62;2;21;10;6;6;5;MB;MB;MA;MB;MB;MB;MB;MB;MB;
56332;40;9;1023;173;2022-10-02 13:09:48;2022-10-02 13:10:01;0001-01-01 00:00:00;0001-01-01 00:00:00;2022-10-02 13:10:02;2022-10-02 13:10:15;2022-10-02 13:10:22;2022-10-02 13:10:26;2022-10-02 13:10:32;2022-10-02 13:10:38;2022-10-02 13:10:40;False;0;1;52;38;14;1;13;7;4;6;6;B1;B1;MB;MB;MB;B1;B1;MB;MB;
56332;40;9;1023;174;2022-10-02 13:10:42;2022-10-02 13:11:42;0001-01-01 00:00:00;0001-01-01 00:00:00;2022-10-02 13:11:43;2022-10-02 13:12:12;2022-10-02 13:12:28;2022-10-02 13:12:43;2022-10-02 13:12:49;2022-10-02 13:14:41;2022-10-02 13:14:43;False;0;3;241;180;61;1;29;16;15;6;112;A1;A2;MA;MB;MA;MB;MA;MB;A2;
56332;40;9;1023;175;2022-10-02 13:14:44;2022-10-02 13:15:01;0001-01-01 00:00:00;0001-01-01 00:00:00;2022-10-02 13:15:03;2022-10-02 13:15:19;2022-10-02 13:15:24;2022-10-02 13:15:30;2022-10-02 13:15:36;2022-10-02 13:15:41;2022-10-02 13:15:43;False;0;0;59;40;19;2;16;5;6;6;5;B1;B1;MB;MB;MB;B1;MB;MB;MB;
56332;40;9;1023;176;2022-10-02 13:15:45;2022-10-02 13:16:47;0001-01-01 00:00:00;0001-01-01 00:00:00;2022-10-02 13:16:52;2022-10-02 13:17:30;2022-10-02 13:17:54;2022-10-02 13:18:08;2022-10-02 13:18:16;2022-10-02 13:18:24;2022-10-02 13:18:25;False;0;0;160;93;67;5;38;24;14;8;8;MA;MA;MA;MA;MA;MA;MA;MB;MB;
56332;40;9;1023;177;2022-10-02 13:18:26;2022-10-02 13:18:39;0001-01-01 00:00:00;0001-01-01 00:00:00;2022-10-02 13:18:42;2022-10-02 13:18:56;2022-10-02 13:19:03;2022-10-02 13:19:13;2022-10-02 13:19:18;2022-10-02 13:19:31;2022-10-02 13:19:33;False;0;0;67;51;16;3;14;7;10;5;13;MB;MB;MB;MB;MB;B1;MB;MB;MA;
56332;40;9;1023;178;2022-10-02 13:19:34;2022-10-02 13:19:50;0001-01-01 00:00:00;0001-01-01 00:00:00;2022-10-02 13:19:52;2022-10-02 13:20:30;2022-10-02 13:20:41;2022-10-02 13:20:49;2022-10-02 13:20:57;2022-10-02 13:21:05;2022-10-02 13:21:06;False;0;0;92;74;18;2;38;11;8;8;8;MB;MB;MB;MB;MA;MB;MB;MB;MB;
56332;40;9;1023;179;2022-10-02 13:21:08;2022-10-02 13:21:19;0001-01-01 00:00:00;0001-01-01 00:00:00;2022-10-02 13:21:51;2022-10-02 13:22:08;2022-10-02 13:22:20;2022-10-02 13:22:31;2022-10-02 13:22:40;2022-10-02 13:22:50;2022-10-02 13:22:52;False;0;0;104;61;43;32;17;12;11;9;10;MB;MB;MB;A2;MB;MB;MB;MB;MB;
56332;40;9;1023;180;2022-10-02 13:22:54;2022-10-02 13:23:11;0001-01-01 00:00:00;0001-01-01 00:00:00;2022-10-02 13:23:12;2022-10-02 13:23:38;2022-10-02 13:23:52;2022-10-02 13:24:08;2022-10-02 13:24:20;2022-10-02 13:24:32;2022-10-02 13:24:34;False;0;9;100;82;18;1;26;14;16;12;12;MB;MA;MB;MB;MA;MB;MA;MA;MA;
56332;40;9;1023;181;2022-10-02 13:24:36;2022-10-02 13:24:59;0001-01-01 00:00:00;0001-01-01 00:00:00;2022-10-02 13:25:00;2022-10-02 13:25:23;2022-10-02 13:26:24;2022-10-02 13:26:36;2022-10-02 13:26:47;2022-10-02 13:27:03;2022-10-02 13:27:05;False;0;5;149;125;24;1;23;61;12;11;16;MA;A1;MB;MB;MB;A2;MB;MA;MA;
56332;40;9;1023;182;2022-10-02 13:27:06;2022-10-02 13:27:20;0001-01-01 00:00:00;0001-01-01 00:00:00;2022-10-02 13:27:22;2022-10-02 13:27:31;2022-10-02 13:27:49;2022-10-02 13:27:56;2022-10-02 13:28:03;2022-10-02 13:28:10;2022-10-02 13:28:11;False;0;0;65;49;16;2;9;18;7;7;7;MB;MB;MB;MB;B1;MA;MB;MB;MB;
56332;40;9;1023;183;2022-10-02 13:28:13;2022-10-02 13:28:37;0001-01-01 00:00:00;0001-01-01 00:00:00;2022-10-02 13:29:10;2022-10-02 13:30:04;2022-10-02 13:30:21;2022-10-02 13:30:33;2022-10-02 13:30:45;2022-10-02 13:30:53;2022-10-02 13:30:55;False;0;0;162;105;57;33;54;17;12;12;8;MA;MA;MA;A2;A1;MB;MB;MA;MB;
56332;40;9;1023;184;2022-10-02 13:30:56;2022-10-02 13:31:13;0001-01-01 00:00:00;0001-01-01 00:00:00;2022-10-02 13:31:15;2022-10-02 13:31:27;2022-10-02 13:31:38;2022-10-02 13:31:48;2022-10-02 13:31:54;2022-10-02 13:32:00;2022-10-02 13:32:02;False;0;0;66;47;19;2;12;11;10;6;6;MB;MB;MB;MB;MB;MB;MB;MB;MB;
56332;40;9;1023;185;2022-10-02 13:32:03;2022-10-02 13:33:46;0001-01-01 00:00:00;0001-01-01 00:00:00;2022-10-02 13:33:47;2022-10-02 13:33:58;2022-10-02 13:34:05;2022-10-02 13:34:14;2022-10-02 13:34:17;2022-10-02 13:34:22;2022-10-02 13:34:23;False;0;3;140;36;104;1;11;7;9;3;5;MA;B1;MA;MB;MB;B1;MB;B1;MB;
56332;40;9;1023;186;2022-10-02 13:34:25;2022-10-02 13:34:40;0001-01-01 00:00:00;0001-01-01 00:00:00;2022-10-02 13:34:43;2022-10-02 13:35:01;2022-10-02 13:35:15;2022-10-02 13:35:23;2022-10-02 13:35:29;2022-10-02 13:35:34;2022-10-02 13:35:36;False;0;4;71;53;18;3;18;14;8;6;5;MB;MB;MB;MB;MB;MB;MB;MB;MB;
56332;40;9;1023;187;2022-10-02 13:35:38;2022-10-02 13:35:49;0001-01-01 00:00:00;0001-01-01 00:00:00;2022-10-02 13:35:57;2022-10-02 13:36:22;2022-10-02 13:36:35;2022-10-02 13:37:19;2022-10-02 13:37:32;2022-10-02 13:37:38;2022-10-02 13:37:40;False;0;10;122;103;19;8;25;13;44;13;6;MB;MA;MB;MA;MA;MB;A2;MA;MB;
56332;40;9;1023;188;2022-10-02 13:37:41;2022-10-02 13:37:56;0001-01-01 00:00:00;0001-01-01 00:00:00;2022-10-02 13:37:57;2022-10-02 13:38:08;2022-10-02 13:38:17;2022-10-02 13:38:27;2022-10-02 13:38:32;2022-10-02 13:38:38;2022-10-02 13:38:40;False;0;0;59;43;16;1;11;9;10;5;6;B1;B1;MB;MB;MB;MB;MB;MB;MB;
56332;40;9;1023;189;2022-10-02 13:38:41;2022-10-02 13:38:58;0001-01-01 00:00:00;0001-01-01 00:00:00;2022-10-02 13:39:00;2022-10-02 13:39:34;2022-10-02 13:40:04;2022-10-02 13:40:26;2022-10-02 13:40:56;2022-10-02 13:41:23;2022-10-02 13:41:25;False;0;1;164;145;19;2;34;30;22;30;27;MA;A2;MB;MB;MA;A1;A1;A2;A1;
56332;40;9;1023;190;2022-10-02 13:41:26;2022-10-02 13:41:42;0001-01-01 00:00:00;0001-01-01 00:00:00;2022-10-02 13:41:44;2022-10-02 13:41:57;2022-10-02 13:42:17;2022-10-02 13:42:59;2022-10-02 13:43:10;2022-10-02 13:43:17;2022-10-02 13:43:19;False;0;13;113;95;18;2;13;20;42;11;7;MB;MA;MB;MB;MB;MA;A2;MA;MB;
56332;40;9;1023;191;2022-10-02 13:43:21;2022-10-02 13:43:32;0001-01-01 00:00:00;0001-01-01 00:00:00;2022-10-02 13:43:33;2022-10-02 13:43:48;2022-10-02 13:43:56;2022-10-02 13:44:07;2022-10-02 13:44:16;2022-10-02 13:44:22;2022-10-02 13:44:24;False;0;1;63;51;12;1;15;8;11;9;6;B1;MB;MB;MB;MB;MB;MB;MB;MB;
56332;40;9;1023;192;2022-10-02 13:44:26;2022-10-02 13:44:48;0001-01-01 00:00:00;0001-01-01 00:00:00;2022-10-02 13:44:50;2022-10-02 13:45:17;2022-10-02 13:45:39;2022-10-02 13:45:53;2022-10-02 13:46:07;2022-10-02 13:46:16;2022-10-02 13:46:18;False;0;0;112;88;24;2;27;22;14;14;9;MB;MA;MB;MB;MA;MA;MA;MA;MB;
56332;40;9;1023;193;2022-10-02 13:46:19;2022-10-02 13:47:03;0001-01-01 00:00:00;0001-01-01 00:00:00;2022-10-02 13:47:04;2022-10-02 13:47:21;2022-10-02 13:47:27;2022-10-02 13:47:31;2022-10-02 13:47:38;2022-10-02 13:47:44;2022-10-02 13:47:45;False;0;0;86;41;45;1;17;6;4;7;6;MB;B1;MB;MB;MB;B1;B1;MB;MB;
56332;40;9;1023;194;2022-10-02 13:47:47;2022-10-02 13:48:00;0001-01-01 00:00:00;0001-01-01 00:00:00;2022-10-02 13:48:01;2022-10-02 13:48:13;2022-10-02 13:48:20;2022-10-02 13:48:24;2022-10-02 13:48:28;2022-10-02 13:48:32;2022-10-02 13:48:35;False;0;0;48;34;14;1;12;7;4;4;4;B1;B1;MB;MB;MB;B1;B1;B1;MB;
56332;40;9;1023;195;2022-10-02 13:48:36;2022-10-02 13:51:50;0001-01-01 00:00:00;0001-01-01 00:00:00;2022-10-02 13:51:53;2022-10-02 13:52:18;2022-10-02 13:52:28;2022-10-02 13:52:38;2022-10-02 13:52:44;2022-10-02 13:52:50;2022-10-02 13:52:52;False;0;0;256;59;197;3;25;10;10;6;6;A1;MB;A2;MB;MA;MB;MB;MB;MB;
56332;40;9;1023;196;2022-10-02 13:52:54;2022-10-02 13:53:37;0001-01-01 00:00:00;0001-01-01 00:00:00;2022-10-02 13:53:39;2022-10-02 13:53:59;2022-10-02 13:54:08;2022-10-02 13:54:17;2022-10-02 13:54:21;2022-10-02 13:54:26;2022-10-02 13:54:28;False;0;0;94;49;45;2;20;9;9;4;5;MB;MB;MB;MB;MB;MB;MB;B1;MB;
56332;40;9;1023;197;2022-10-02 13:54:30;2022-10-02 13:54:47;0001-01-01 00:00:00;0001-01-01 00:00:00;2022-10-02 13:54:49;2022-10-02 13:55:08;2022-10-02 13:55:22;2022-10-02 13:55:31;2022-10-02 13:55:39;2022-10-02 13:55:47;2022-10-02 13:55:48;False;0;0;78;59;19;2;19;14;9;8;8;MB;MB;MB;MB;MB;MB;MB;MB;MB;
56332;40;9;1023;198;2022-10-02 13:55:50;2022-10-02 13:56:52;0001-01-01 00:00:00;0001-01-01 00:00:00;2022-10-02 13:57:01;2022-10-02 13:57:23;2022-10-02 13:57:41;2022-10-02 13:57:53;2022-10-02 13:58:00;2022-10-02 13:58:06;2022-10-02 13:58:08;False;0;0;138;67;71;9;22;18;12;7;6;MA;MB;MA;A1;MB;MA;MB;MB;MB;
56332;40;9;1023;199;2022-10-02 13:58:10;2022-10-02 13:58:28;0001-01-01 00:00:00;0001-01-01 00:00:00;2022-10-02 13:58:29;2022-10-02 13:59:02;2022-10-02 13:59:18;2022-10-02 13:59:28;2022-10-02 13:59:35;2022-10-02 13:59:47;2022-10-02 13:59:49;False;0;1;99;80;19;1;33;16;10;7;12;MB;MA;MB;MB;MA;MB;MB;MB;MA;
56332;40;9;1023;200;2022-10-02 13:59:50;2022-10-02 14:00:03;0001-01-01 00:00:00;0001-01-01 00:00:00;2022-10-02 14:00:05;2022-10-02 14:00:24;2022-10-02 14:00:32;2022-10-02 14:00:38;2022-10-02 14:00:42;2022-10-02 14:00:47;2022-10-02 14:00:49;False;0;1;59;44;15;2;19;8;6;4;5;B1;B1;MB;MB;MB;MB;MB;B1;MB;
56332;40;9;1023;201;2022-10-02 14:00:50;2022-10-02 14:01:35;0001-01-01 00:00:00;0001-01-01 00:00:00;2022-10-02 14:01:43;2022-10-02 14:02:00;2022-10-02 14:02:09;2022-10-02 14:02:15;2022-10-02 14:02:21;2022-10-02 14:02:26;2022-10-02 14:02:28;False;0;0;98;45;53;8;17;9;6;6;5;MB;B1;MB;MA;MB;MB;MB;MB;MB;
56332;40;9;1023;202;2022-10-02 14:02:29;2022-10-02 14:03:21;0001-01-01 00:00:00;0001-01-01 00:00:00;2022-10-02 14:03:50;2022-10-02 14:04:02;2022-10-02 14:04:07;2022-10-02 14:04:10;2022-10-02 14:04:14;2022-10-02 14:04:20;2022-10-02 14:04:22;False;0;0;113;32;81;29;12;5;3;4;6;MB;B1;MA;A2;MB;B1;B1;B1;MB;
56332;40;9;1023;203;2022-10-02 14:04:24;2022-10-02 14:09:59;0001-01-01 00:00:00;0001-01-01 00:00:00;2022-10-02 14:10:00;2022-10-02 14:10:28;2022-10-02 14:10:52;2022-10-02 14:11:03;2022-10-02 14:11:10;2022-10-02 14:11:16;2022-10-02 14:11:18;False;0;0;414;78;336;1;28;24;11;7;6;A2;MA;A2;MB;MA;MA;MB;MB;MB;
56332;40;9;1023;204;2022-10-02 14:11:19;2022-10-02 14:11:35;0001-01-01 00:00:00;0001-01-01 00:00:00;2022-10-02 14:11:37;2022-10-02 14:11:56;2022-10-02 14:12:05;2022-10-02 14:12:40;2022-10-02 14:12:51;2022-10-02 14:12:59;2022-10-02 14:13:00;False;0;22;101;83;18;2;19;9;35;11;8;MB;MA;MB;MB;MB;MB;A2;MA;MB;
56332;40;9;1023;205;2022-10-02 14:13:02;2022-10-02 14:13:24;0001-01-01 00:00:00;0001-01-01 00:00:00;2022-10-02 14:13:25;2022-10-02 14:13:40;2022-10-02 14:13:51;2022-10-02 14:14:00;2022-10-02 14:14:07;2022-10-02 14:14:15;2022-10-02 14:14:16;False;0;0;74;51;23;1;15;11;9;7;8;MB;MB;MB;MB;MB;MB;MB;MB;MB;
56332;40;9;1023;206;2022-10-02 14:14:18;2022-10-02 14:14:28;0001-01-01 00:00:00;0001-01-01 00:00:00;2022-10-02 14:14:30;2022-10-02 14:14:49;2022-10-02 14:14:58;2022-10-02 14:15:07;2022-10-02 14:15:20;2022-10-02 14:15:31;2022-10-02 14:15:33;False;0;0;75;63;12;2;19;9;9;13;11;MB;MB;MB;MB;MB;MB;MB;MA;MA;
56332;40;9;1023;207;2022-10-02 14:15:35;2022-10-02 14:16:19;0001-01-01 00:00:00;0001-01-01 00:00:00;2022-10-02 14:16:20;2022-10-02 14:16:34;2022-10-02 14:16:39;2022-10-02 14:16:43;2022-10-02 14:16:47;2022-10-02 14:16:53;2022-10-02 14:16:55;False;0;2;80;35;45;1;14;5;4;4;6;MB;B1;MB;MB;MB;B1;B1;B1;MB;
56332;40;9;1023;208;2022-10-02 14:16:57;2022-10-02 14:17:39;0001-01-01 00:00:00;0001-01-01 00:00:00;2022-10-02 14:17:47;2022-10-02 14:18:04;2022-10-02 14:18:08;2022-10-02 14:18:14;2022-10-02 14:18:25;2022-10-02 14:18:35;2022-10-02 14:18:37;False;0;8;100;50;50;8;17;4;6;11;10;MB;MB;MB;MA;MB;B1;MB;MA;MB;
56332;40;9;1023;209;2022-10-02 14:18:39;2022-10-02 14:19:17;0001-01-01 00:00:00;0001-01-01 00:00:00;2022-10-02 14:19:22;2022-10-02 14:19:36;2022-10-02 14:19:43;2022-10-02 14:19:48;2022-10-02 14:19:52;2022-10-02 14:19:56;2022-10-02 14:19:58;False;0;0;79;36;43;5;14;7;5;4;4;MB;B1;MB;MA;MB;B1;B1;B1;MB;
56332;40;9;1023;210;2022-10-02 14:19:59;2022-10-02 14:20:17;0001-01-01 00:00:00;0001-01-01 00:00:00;2022-10-02 14:20:18;2022-10-02 14:20:35;2022-10-02 14:20:46;2022-10-02 14:20:53;2022-10-02 14:21:00;2022-10-02 14:21:13;2022-10-02 14:21:15;False;0;0;76;57;19;1;17;11;7;7;13;MB;MB;MB;MB;MB;MB;MB;MB;MA;
56332;40;9;1023;211;2022-10-02 14:21:17;2022-10-02 14:22:02;0001-01-01 00:00:00;0001-01-01 00:00:00;2022-10-02 14:22:04;2022-10-02 14:22:26;2022-10-02 14:22:43;2022-10-02 14:22:52;2022-10-02 14:22:59;2022-10-02 14:23:06;2022-10-02 14:23:08;False;0;0;111;64;47;2;22;17;9;7;7;MB;MB;MB;MB;MB;MB;MB;MB;MB;
56332;40;9;1023;212;2022-10-02 14:23:09;2022-10-02 14:26:17;0001-01-01 00:00:00;0001-01-01 00:00:00;2022-10-02 14:26:29;2022-10-02 14:26:52;2022-10-02 14:27:07;2022-10-02 14:27:16;2022-10-02 14:27:24;2022-10-02 14:27:32;2022-10-02 14:27:34;False;0;0;265;65;200;12;23;15;9;8;8;A1;MB;A2;A1;MB;MB;MB;MB;MB;
56332;40;9;1023;213;2022-10-02 14:27:36;2022-10-02 14:31:53;0001-01-01 00:00:00;0001-01-01 00:00:00;2022-10-02 14:32:01;2022-10-02 14:32:23;2022-10-02 14:32:32;2022-10-02 14:32:40;2022-10-02 14:32:47;2022-10-02 14:32:54;2022-10-02 14:32:56;False;0;1;320;55;265;8;22;9;8;7;7;A2;MB;A2;MA;MB;MB;MB;MB;MB;
56332;40;9;1023;214;2022-10-02 14:32:57;2022-10-02 14:37:32;0001-01-01 00:00:00;0001-01-01 00:00:00;2022-10-02 14:37:33;2022-10-02 14:38:33;2022-10-02 14:39:13;2022-10-02 14:40:02;2022-10-02 14:40:20;2022-10-02 14:40:47;2022-10-02 14:40:49;False;0;11;472;196;276;1;60;40;49;18;27;A2;A2;A2;MB;A2;A2;A2;A1;A1;
56332;40;9;1023;215;2022-10-02 14:40:50;2022-10-02 14:49:10;0001-01-01 00:00:00;0001-01-01 00:00:00;2022-10-02 14:49:26;2022-10-02 14:50:43;2022-10-02 14:51:53;2022-10-02 14:52:26;2022-10-02 14:52:34;2022-10-02 14:52:55;2022-10-02 14:52:57;False;0;8;727;211;516;16;77;70;33;8;21;A2;A2;A2;A2;A2;A2;A2;MB;A1;
56332;40;9;1023;216;2022-10-02 14:52:59;2022-10-02 14:53:12;0001-01-01 00:00:00;0001-01-01 00:00:00;2022-10-02 14:53:13;2022-10-02 14:53:54;2022-10-02 14:54:07;2022-10-02 14:54:23;2022-10-02 14:54:35;2022-10-02 14:54:50;2022-10-02 14:54:51;False;0;9;112;98;14;1;41;13;16;12;15;MB;MA;MB;MB;A1;MB;MA;MA;MA;
56332;40;9;1023;217;2022-10-02 14:54:53;2022-10-02 14:58:41;0001-01-01 00:00:00;0001-01-01 00:00:00;2022-10-02 14:58:42;2022-10-02 14:58:55;2022-10-02 14:59:04;2022-10-02 14:59:10;2022-10-02 14:59:18;2022-10-02 14:59:21;2022-10-02 14:59:23;False;0;1;270;41;229;1;13;9;6;8;3;A1;B1;A2;MB;MB;MB;MB;MB;MB;
56332;40;9;1023;218;2022-10-02 14:59:25;2022-10-02 14:59:38;0001-01-01 00:00:00;0001-01-01 00:00:00;2022-10-02 15:00:06;2022-10-02 15:00:30;2022-10-02 15:00:46;2022-10-02 15:00:54;2022-10-02 15:01:02;2022-10-02 15:01:11;2022-10-02 15:01:13;False;0;0;108;67;41;28;24;16;8;8;9;MB;MB;MB;A2;MB;MB;MB;MB;MB;
56332;40;9;1023;219;2022-10-02 15:01:15;2022-10-02 15:03:09;0001-01-01 00:00:00;0001-01-01 00:00:00;2022-10-02 15:03:10;2022-10-02 15:04:17;2022-10-02 15:04:40;2022-10-02 15:05:12;2022-10-02 15:05:40;2022-10-02 15:06:07;2022-10-02 15:06:08;False;0;10;293;178;115;1;67;23;32;28;27;A2;A2;A1;MB;A2;MA;A2;A2;A1;
56332;40;9;1023;220;2022-10-02 15:06:10;2022-10-02 15:07:58;0001-01-01 00:00:00;0001-01-01 00:00:00;2022-10-02 15:08:00;2022-10-02 15:08:23;2022-10-02 15:08:33;2022-10-02 15:08:47;2022-10-02 15:08:58;2022-10-02 15:09:02;2022-10-02 15:09:05;False;0;4;175;65;110;2;23;10;14;11;4;MA;MB;MA;MB;MB;MB;MA;MA;MB;
56332;40;9;1023;221;2022-10-02 15:09:07;2022-10-02 15:11:03;0001-01-01 00:00:00;0001-01-01 00:00:00;2022-10-02 15:11:54;2022-10-02 15:12:06;2022-10-02 15:12:14;2022-10-02 15:12:22;2022-10-02 15:12:25;2022-10-02 15:12:31;2022-10-02 15:12:33;False;0;1;206;39;167;51;12;8;8;3;6;A1;B1;A2;A2;MB;MB;MB;B1;MB;
56332;40;9;1023;222;2022-10-02 15:12:35;2022-10-02 15:23:51;0001-01-01 00:00:00;0001-01-01 00:00:00;2022-10-02 15:23:59;2022-10-02 15:24:15;2022-10-02 15:24:22;2022-10-02 15:24:28;2022-10-02 15:24:34;2022-10-02 15:24:38;2022-10-02 15:24:40;False;0;1;725;41;684;8;16;7;6;6;4;A2;B1;A2;MA;MB;B1;MB;MB;MB;
56332;40;9;1023;223;2022-10-02 15:24:42;2022-10-02 15:25:05;0001-01-01 00:00:00;0001-01-01 00:00:00;2022-10-02 15:25:24;2022-10-02 15:25:45;2022-10-02 15:25:59;2022-10-02 15:26:04;2022-10-02 15:26:09;2022-10-02 15:26:16;2022-10-02 15:26:17;False;0;1;95;53;42;19;21;14;5;5;7;MB;MB;MB;A2;MB;MB;B1;MB;MB;
56332;40;9;1023;224;2022-10-02 15:26:19;2022-10-02 15:27:00;0001-01-01 00:00:00;0001-01-01 00:00:00;2022-10-02 15:27:01;2022-10-02 15:27:19;2022-10-02 15:27:35;2022-10-02 15:27:53;2022-10-02 15:28:03;2022-10-02 15:28:20;2022-10-02 15:28:22;False;0;3;123;81;42;1;18;16;18;10;17;MB;MA;MB;MB;MB;MB;MA;MA;MA;
56332;40;9;1023;225;2022-10-02 15:28:23;2022-10-02 15:28:41;0001-01-01 00:00:00;0001-01-01 00:00:00;2022-10-02 15:28:43;2022-10-02 15:28:58;2022-10-02 15:29:07;2022-10-02 15:29:12;2022-10-02 15:29:34;2022-10-02 15:29:39;2022-10-02 15:29:41;False;0;0;78;58;20;2;15;9;5;22;5;MB;MB;MB;MB;MB;MB;B1;A2;MB;
56332;40;9;1023;226;2022-10-02 15:29:42;2022-10-02 15:30:02;0001-01-01 00:00:00;0001-01-01 00:00:00;2022-10-02 15:30:36;2022-10-02 15:31:09;2022-10-02 15:31:39;2022-10-02 15:33:08;2022-10-02 15:33:25;2022-10-02 15:33:32;2022-10-02 15:33:34;False;0;14;232;178;54;34;33;30;89;17;7;A1;A2;MB;A2;MA;A1;A2;A1;MB;
56332;40;9;1023;227;2022-10-02 15:33:36;2022-10-02 15:34:01;0001-01-01 00:00:00;0001-01-01 00:00:00;2022-10-02 15:34:03;2022-10-02 15:34:08;2022-10-02 15:34:15;2022-10-02 15:34:21;2022-10-02 15:34:26;2022-10-02 15:34:30;2022-10-02 15:34:31;False;0;0;55;28;27;2;5;7;6;5;4;B1;B1;MB;MB;B1;B1;MB;MB;MB;
56332;40;9;1023;228;2022-10-02 15:34:33;2022-10-02 15:35:36;0001-01-01 00:00:00;0001-01-01 00:00:00;2022-10-02 15:35:37;2022-10-02 15:35:49;2022-10-02 15:35:56;2022-10-02 15:36:02;2022-10-02 15:36:10;2022-10-02 15:36:19;2022-10-02 15:36:21;False;0;2;108;44;64;1;12;7;6;8;9;MB;B1;MA;MB;MB;B1;MB;MB;MB;
56332;40;9;1023;229;2022-10-02 15:36:22;2022-10-02 15:39:57;0001-01-01 00:00:00;0001-01-01 00:00:00;2022-10-02 15:40:05;2022-10-02 15:40:20;2022-10-02 15:40:29;2022-10-02 15:40:37;2022-10-02 15:40:44;2022-10-02 15:40:51;2022-10-02 15:40:53;False;0;2;271;48;223;8;15;9;8;7;7;A2;MB;A2;MA;MB;MB;MB;MB;MB;
56332;40;9;1023;230;2022-10-02 15:40:54;2022-10-02 15:54:18;0001-01-01 00:00:00;0001-01-01 00:00:00;2022-10-02 15:54:27;2022-10-02 15:54:45;2022-10-02 15:54:59;2022-10-02 15:55:07;2022-10-02 15:55:19;2022-10-02 15:55:31;2022-10-02 15:55:32;False;0;3;878;65;813;9;18;14;8;12;12;A2;MB;A2;A1;MB;MB;MB;MA;MA;
56332;40;9;1023;231;2022-10-02 15:55:34;2022-10-02 16:00:18;0001-01-01 00:00:00;0001-01-01 00:00:00;2022-10-02 16:00:36;2022-10-02 16:00:48;2022-10-02 16:00:54;2022-10-02 16:01:03;2022-10-02 16:01:07;2022-10-02 16:01:11;2022-10-02 16:01:13;False;0;0;339;37;302;18;12;6;9;4;4;A2;B1;A2;A2;MB;B1;MB;B1;MB;
56332;40;9;1023;232;2022-10-02 16:01:15;2022-10-02 16:14:39;0001-01-01 00:00:00;0001-01-01 00:00:00;2022-10-02 16:14:40;2022-10-02 16:17:22;2022-10-02 16:18:09;2022-10-02 16:18:16;2022-10-02 16:18:20;2022-10-02 16:18:24;2022-10-02 16:18:25;False;0;2;1030;225;805;1;162;47;7;4;4;A2;A2;A2;MB;A2;A2;MB;B1;MB;
56332;40;9;1023;233;2022-10-02 16:18:27;2022-10-02 16:18:53;0001-01-01 00:00:00;0001-01-01 00:00:00;2022-10-02 16:18:55;2022-10-02 16:19:06;2022-10-02 16:19:19;2022-10-02 16:19:25;2022-10-02 16:19:30;2022-10-02 16:19:33;2022-10-02 16:19:35;False;0;1;68;40;28;2;11;13;6;5;3;MB;B1;MB;MB;MB;MB;MB;MB;MB;
56332;40;9;1023;234;2022-10-02 16:19:37;2022-10-02 16:19:59;0001-01-01 00:00:00;0001-01-01 00:00:00;2022-10-02 16:20:00;2022-10-02 16:20:16;2022-10-02 16:20:30;2022-10-02 16:20:38;2022-10-02 16:20:44;2022-10-02 16:20:47;2022-10-02 16:20:49;False;0;3;72;49;23;1;16;14;8;6;3;MB;MB;MB;MB;MB;MB;MB;MB;MB;
56332;40;9;1023;235;2022-10-02 16:20:51;2022-10-02 16:25:20;0001-01-01 00:00:00;0001-01-01 00:00:00;2022-10-02 16:25:22;2022-10-02 16:25:38;2022-10-02 16:25:46;2022-10-02 16:26:16;2022-10-02 16:26:21;2022-10-02 16:26:24;2022-10-02 16:26:26;False;0;0;335;64;271;2;16;8;30;5;3;A2;MB;A2;MB;MB;MB;A2;MB;MB;
56332;40;9;1023;236;2022-10-02 16:26:27;2022-10-02 16:26:57;0001-01-01 00:00:00;0001-01-01 00:00:00;2022-10-02 16:27:01;2022-10-02 16:27:37;2022-10-02 16:27:51;2022-10-02 16:28:02;2022-10-02 16:28:08;2022-10-02 16:28:12;2022-10-02 16:28:14;False;0;2;107;73;34;4;36;14;11;6;4;MB;MB;MB;MB;MA;MB;MB;MB;MB;
56332;40;9;1023;237;2022-10-02 16:28:15;2022-10-02 16:31:06;0001-01-01 00:00:00;0001-01-01 00:00:00;2022-10-02 16:31:08;2022-10-02 16:31:45;2022-10-02 16:31:56;2022-10-02 16:32:05;2022-10-02 16:32:12;2022-10-02 16:32:20;2022-10-02 16:32:22;False;0;0;247;74;173;2;37;11;9;7;8;A1;MB;A2;MB;MA;MB;MB;MB;MB;
56332;40;9;1023;238;2022-10-02 16:32:23;2022-10-02 16:34:05;0001-01-01 00:00:00;0001-01-01 00:00:00;2022-10-02 16:34:09;2022-10-02 16:34:44;2022-10-02 16:34:58;2022-10-02 16:35:07;2022-10-02 16:35:13;2022-10-02 16:35:21;2022-10-02 16:35:23;False;0;0;180;74;106;4;35;14;9;6;8;MA;MB;MA;MB;MA;MB;MB;MB;MB;
56332;40;9;1023;239;2022-10-02 16:35:25;2022-10-02 16:37:00;0001-01-01 00:00:00;0001-01-01 00:00:00;2022-10-02 16:37:02;2022-10-02 16:37:29;2022-10-02 16:37:45;2022-10-02 16:38:06;2022-10-02 16:38:16;2022-10-02 16:38:34;2022-10-02 16:38:36;False;0;0;191;94;97;2;27;16;21;10;18;MA;MA;MA;MB;MA;MB;A1;MA;MA;
56332;40;9;1023;240;2022-10-02 16:38:38;2022-10-02 16:50:08;0001-01-01 00:00:00;0001-01-01 00:00:00;2022-10-02 16:50:11;2022-10-02 16:54:56;2022-10-02 16:55:08;2022-10-02 16:55:53;2022-10-02 16:56:18;2022-10-02 16:56:27;2022-10-02 16:56:29;False;0;7;1071;378;693;3;285;12;45;25;9;A2;A2;A2;MB;A2;MB;A2;A2;MB;
56332;40;9;1023;241;2022-10-02 16:56:31;2022-10-02 16:57:08;0001-01-01 00:00:00;0001-01-01 00:00:00;2022-10-02 16:57:10;2022-10-02 16:57:24;2022-10-02 16:57:40;2022-10-02 16:57:47;2022-10-02 16:57:55;2022-10-02 16:58:00;2022-10-02 16:58:01;False;0;1;90;51;39;2;14;16;7;8;5;MB;MB;MB;MB;MB;MB;MB;MB;MB;
